NumAffilie,RaisonSociale,FormeJuridique,ICE,RegCom,Patente,AffilieType,Activite,DateCreation,DateAffiliation,RepresantantNom,RepresantantPrenom,RepresantantCIN,Deleg,Ville,CodeDeleg,Status
AFF0001,Leclercq,SA,168174887206786,RC552025,64236787,Privé,BTP,2021-06-24,2024-04-28,Raymond,Adrienne,vU68141,Ménara,Marrakech,MA001,Actif
AFF0002,Jacquot,SA,220150784010802,RC146021,22357750,Privé,Pharmaceutique,2022-06-21,2025-03-07,Colas,Sabine,gU27847,Hay Salam,Errachidia,ER002,Suspendu
AFF0003,Girard,SARL,125380783027048,RC818571,54734439,PrivéPublic,Télécommunication,2019-01-08,2024-01-17,Germain,Roger,aY77259,Agdal,Fès,FÈ003,Suspendu
AFF0004,Lebrun Faure SA,SA,614103723401528,RC755699,41547664,Privé,Industrie,2021-09-24,2024-06-11,Ruiz,Alice,PO97958,Beni Makada,Tanger,TA004,Actif
AFF0005,Perrin Klein S.A.S.,SARL,829281233477496,RC571080,14430478,ONG,Agriculture,2022-03-02,2025-05-04,Ribeiro,Marcelle,Ni46619,Hay Hassani,Casablanca,CA005,Actif
AFF0006,Lenoir,SARL,581261460396978,RC933391,43442967,Privé,Finance,2018-09-28,2024-05-01,Faure,Odette,hT21046,Hay Riad,Rabat,RA006,Actif
AFF0007,Michaud SARL,SAS,265659647216475,RC174917,66161503,PrivéPublic,Finance,2021-08-01,2023-12-08,Toussaint,Susan,uP73135,Mhannech,Tétouan,TÉ007,Suspendu
AFF0008,Allain,SAS,863082337419872,RC967683,36531976,PrivéPublic,Pharmaceutique,2020-04-23,2024-08-07,Gosselin,Adrien,Ve57053,Yacoub El Mansour,Rabat,RA008,Actif
AFF0009,Dupuy SARL,SA,243260621722206,RC901473,27466898,Privé,Finance,2016-02-13,2023-11-10,Nicolas,Odette,Ms13319,Sidi Yahya,Oujda,OU009,Actif
AFF0010,Courtois SA,SAS,708795003010929,RC160216,38697457,PrivéPublic,Logistique,2015-08-18,2024-04-28,Lemoine,Suzanne,zd41655,Dakhla,Agadir,AG010,Actif
AFF0011,Rocher,SA,966868810308419,RC446948,92339371,Privé,Aéronautique,2020-07-12,2023-08-04,Auger,Édouard,lC34669,Centre,Tanger,TA011,Actif
AFF0012,Leleu S.A.S.,SARL,756691203086936,RC986471,75649959,Privé,Télécommunication,2016-05-16,2023-08-22,Normand,Daniel,gn52257,Quartier Ennassr,Dakhla,DA012,Suspendu
AFF0013,Picard S.A.S.,SA,144507143837893,RC877112,73512804,PrivéPublic,Éducation,2018-04-20,2023-08-01,Grenier,Véronique,ua08252,Sidi Bouzid,El Jadida,EL013,Actif
AFF0014,Bonnet Diallo SARL,SAS,913740219879516,RC890456,64371098,Privé,Tourisme,2020-08-10,2025-05-27,Gaillard,Luc,qg21593,Sidi Bouzid,El Jadida,EL014,Actif
AFF0015,Toussaint SA,SARL,131350088989920,RC540653,78306142,Privé,Pêche,2022-10-12,2024-04-26,Lemonnier,Alfred,rf98917,Anfa,Casablanca,CA015,Actif
AFF0016,Collet,SA,527155733308380,RC144017,57719113,Privé,Télécommunication,2017-12-06,2024-05-11,Delannoy,Pauline,nU03631,Gueliz,Marrakech,MA016,Actif
AFF0017,Arnaud et Fils,SAS,882109516016904,RC990818,32929891,PrivéPublic,Tech,2022-05-15,2025-07-02,Traore,Nathalie,jH16786,Dakhla,Agadir,AG017,Suspendu
AFF0018,Gonzalez,SA,397025584711064,RC717912,40071499,PrivéPublic,Industrie,2015-10-29,2025-04-19,Denis,Henriette,qj73340,Sidi Bouzid,El Jadida,EL018,Actif
AFF0019,Clerc,SA,469875446839352,RC194474,72934874,PrivéPublic,Industrie,2020-06-07,2023-08-13,Lecoq,Philippe,mD37719,Agdal,Rabat,RA019,Actif
AFF0020,Roger,SA,300332622585374,RC780238,13093560,Privé,Santé,2022-06-09,2023-07-23,Pereira,Sabine,Ky62007,Sidi Bouzid,El Jadida,EL020,Actif
AFF0021,Potier,SAS,358339963713514,RC155593,67100426,PrivéPublic,BTP,2018-06-01,2024-06-03,Gosselin,Patricia,Em80749,Centre,Tanger,TA021,Actif
AFF0022,Maurice S.A.R.L.,SARL,807844839610084,RC380096,73748681,Privé,Santé,2022-07-19,2024-08-17,Langlois,Pénélope,Sg11419,Sidi Youssef Ben Ali,Marrakech,MA022,Actif
AFF0023,Lopez Guérin SARL,SARL,144437292943853,RC100464,64980462,Privé,Transport,2016-09-05,2025-07-15,Roux,Aimée,RA61223,Sidi Yahya,Oujda,OU023,Actif
AFF0024,Cordier S.A.R.L.,SARL,248284846423563,RC429729,79937636,PrivéPublic,Artisanat,2020-12-24,2024-08-26,Ferreira,Paulette,As71551,Beni Makada,Tanger,TA024,Actif
AFF0025,Brun,SAS,848037358035092,RC102080,35730612,PrivéPublic,Textile,2018-11-29,2024-10-05,Collin,Chantal,Tv86652,Sidi Bouzid,El Jadida,EL025,Suspendu
AFF0026,Jacquet et Fils,SARL,844900818499750,RC826807,58600656,Privé,Immobilier,2018-03-15,2024-04-12,Aubert,Christine,Ep77411,Al Wahda,Laâyoune,LA026,Actif
AFF0027,Diallo S.A.S.,SARL,216340190001969,RC227208,68970792,ONG,Transport,2023-01-07,2024-09-15,Gillet,Christiane,AB12857,Al Wahda,Laâyoune,LA027,Actif
AFF0028,Diallo Lagarde S.A.R.L.,SA,942980962048581,RC858208,45054566,ONG,Santé,2022-08-29,2025-02-01,Maillard,Virginie,bC30288,Sidi Moumen,Casablanca,CA028,Actif
AFF0029,Renard,SAS,964046667078917,RC191614,64561285,Privé,Tourisme,2023-02-22,2025-07-09,Reynaud,Danielle,bB11363,Al Massira,Nador,NA029,Actif
AFF0030,Alexandre SA,SARL,628654328424279,RC379533,28747305,PrivéPublic,Télécommunication,2016-02-28,2024-09-02,Labbé,Diane,DT69637,Al Massira,Nador,NA030,Actif
AFF0031,Pages,SA,276374937389910,RC439721,16925827,Privé,Aéronautique,2020-10-09,2024-10-24,Guyot,Gilles,Ta81540,Ain Sebaa,Casablanca,CA031,Actif
AFF0032,Martel Adam SARL,SAS,257929096141832,RC567558,94261394,PrivéPublic,Industrie,2021-06-04,2023-11-02,Charrier,Thomas,Sh28341,Al Wahda,Laâyoune,LA032,Actif
AFF0033,Pages Guilbert S.A.R.L.,SA,217628676177281,RC362551,69396047,Privé,Industrie,2019-07-06,2024-09-06,Courtois,Noël,NP46457,Mhannech,Tétouan,TÉ033,Suspendu
AFF0034,Leblanc,SA,245023239792094,RC853881,52797446,ONG,Transport,2017-04-15,2024-02-09,Ferrand,Bernard,Bv69588,Ménara,Marrakech,MA034,Actif
AFF0035,Simon,SAS,426722763490619,RC888650,64545450,Privé,Éducation,2017-09-20,2025-07-13,Perrot,Denis,Ua50918,Sidi Yahya,Oujda,OU035,Actif
AFF0036,Lévy,SAS,518086941565744,RC342293,68884064,Privé,Automobile,2021-05-07,2024-05-26,Faivre,Adèle,bY23187,Al Wahda,Laâyoune,LA036,Actif
AFF0037,Nguyen et Fils,SARL,652817988227662,RC832863,81136938,PrivéPublic,Textile,2015-08-07,2025-05-18,Leleu,Jean,Vn85971,Hay Hassani,Casablanca,CA037,Actif
AFF0038,Guillou Laroche SA,SA,947225781767202,RC742917,82158430,PrivéPublic,Télécommunication,2019-06-17,2025-02-02,Joseph,Frédéric,Qd96212,Hay Salam,Errachidia,ER038,Actif
AFF0039,Gautier,SA,383698326091793,RC911790,30824620,Privé,Aéronautique,2018-08-20,2024-06-16,Leroy,André,WW76213,Sidi Yahya,Oujda,OU039,Actif
AFF0040,Vallée,SARL,775803519980709,RC863149,69215713,Privé,Éducation,2023-04-18,2025-03-11,Rolland,Isabelle,Fe42607,El Youssoufia,Rabat,RA040,Suspendu
AFF0041,Léger Hernandez SARL,SARL,166631104158355,RC575457,62077914,PrivéPublic,Pêche,2017-01-02,2024-08-18,Colin,Corinne,Ui64873,Mhannech,Tétouan,TÉ041,Actif
AFF0042,Reynaud,SAS,622512459448190,RC577781,95645044,Privé,Logistique,2022-03-25,2025-03-21,Dupuis,Laurence,Jv31273,Agdal,Fès,FÈ042,Actif
AFF0043,Fernandez S.A.,SA,312736906929202,RC279654,98721475,Privé,Pharmaceutique,2017-02-01,2024-02-15,Masse,Louis,OV55183,Ménara,Marrakech,MA043,Suspendu
AFF0044,Fouquet,SAS,744648730560821,RC705478,55182105,PrivéPublic,Retail,2020-12-08,2024-10-27,Roux,Nathalie,kd71315,Al Wahda,Laâyoune,LA044,Actif
AFF0045,Louis Guichard S.A.,SAS,994488313820393,RC665831,48984447,ONG,Aéronautique,2021-07-29,2023-09-02,Guilbert,Théodore,mG02071,El Youssoufia,Rabat,RA045,Actif
AFF0046,Auger Dijoux S.A.R.L.,SARL,322108406769715,RC741806,13425298,Privé,Tech,2016-09-24,2024-06-17,Bernier,François,vG91223,Dakhla,Agadir,AG046,Actif
AFF0047,Dos Santos Guillaume S.A.S.,SA,809826447495656,RC419885,53196702,Privé,Transport,2018-01-05,2025-07-03,Gay,Christophe,ln21078,Quartier Ennassr,Dakhla,DA047,Actif
AFF0048,Leroy,SARL,313942970831063,RC738964,15444070,Privé,Transport,2017-09-25,2024-04-17,Lemoine,Honoré,bN47700,Al Wahda,Laâyoune,LA048,Actif
AFF0049,Clément S.A.,SARL,882841490159361,RC678240,69196051,Privé,Retail,2017-08-15,2023-09-03,Rivière,Danielle,br00828,Sidi Yahya,Oujda,OU049,Actif
AFF0050,Rodrigues,SAS,500080916702235,RC114822,32234561,Privé,Pêche,2018-01-04,2023-12-16,Maurice,Julie,zj77001,Al Wahda,Laâyoune,LA050,Suspendu
AFF0051,Lefèvre,SA,396576601876933,RC783084,96235984,ONG,Retail,2019-11-24,2023-08-11,Vasseur,Inès,JV79671,Hay Salam,Errachidia,ER051,Suspendu
AFF0052,Le Gall,SA,711308172437037,RC990227,69930966,Privé,Santé,2017-07-22,2024-11-01,Cousin,Josette,Mt64530,Agdal,Fès,FÈ052,Actif
AFF0053,Besson SARL,SARL,733529234070630,RC430659,24215201,ONG,Tourisme,2016-01-31,2025-03-01,Caron,Anouk,Nx71398,Sidi Yahya,Oujda,OU053,Actif
AFF0054,Baudry Leconte SARL,SARL,815836595522463,RC441859,81371247,Privé,Industrie,2022-01-02,2023-10-28,Gilbert,Georges,wW69603,Dakhla,Agadir,AG054,Actif
AFF0055,Legrand,SAS,700249171329732,RC479743,36086379,PrivéPublic,Énergie,2023-04-26,2024-07-20,Bègue,Noël,Ck00736,Oulad Oujih,Kenitra,KE055,Suspendu
AFF0056,Louis,SAS,237448843614475,RC762265,73646658,PrivéPublic,Immobilier,2019-03-23,2024-10-31,Duhamel,Aimée,et80601,Yacoub El Mansour,Rabat,RA056,Actif
AFF0057,Leleu SA,SA,888384041032418,RC110824,48642570,Privé,Retail,2018-03-21,2023-10-05,Barbier,Adrien,KT26697,Anfa,Casablanca,CA057,Actif
AFF0058,Bègue,SA,809270792046619,RC587250,78858770,ONG,BTP,2016-02-06,2025-03-13,Foucher,Nicole,GY35367,Oulad Oujih,Kenitra,KE058,Actif
AFF0059,Courtois,SAS,788702510171143,RC426389,24288427,Privé,Santé,2020-09-16,2023-09-18,Guyon,Georges,Uq61287,Quartier Ennassr,Dakhla,DA059,Actif
AFF0060,Sauvage SARL,SA,609931660178915,RC171903,81040067,Privé,Textile,2021-10-01,2024-07-30,Legendre,Xavier,pb37694,Al Wahda,Laâyoune,LA060,Actif
AFF0061,Ribeiro,SA,355188494446499,RC919635,56145447,PrivéPublic,Tech,2021-01-24,2025-03-10,Leconte,Nathalie,iQ06686,Sidi Bouzid,El Jadida,EL061,Actif
AFF0062,Baudry,SAS,641812085942048,RC137809,66114968,ONG,Pêche,2019-12-05,2024-09-09,Bonnet,Renée,Nz33023,Mhannech,Tétouan,TÉ062,Suspendu
AFF0063,Merle,SAS,403124387725280,RC974937,83507495,Privé,Logistique,2017-04-12,2024-09-10,Dufour,Noémi,Cb54189,Centre,Tanger,TA063,Actif
AFF0064,Roger SARL,SARL,797897245478826,RC759910,32724644,Privé,Logistique,2019-10-31,2024-02-01,Carre,Olivier,pQ58829,Dakhla,Agadir,AG064,Actif
AFF0065,Duval,SAS,376399409897290,RC169417,22232309,Privé,Industrie,2015-12-17,2024-05-06,Louis,Olivier,oY16931,Oulad Oujih,Kenitra,KE065,Suspendu
AFF0066,Hervé,SAS,203072598972982,RC710771,42316029,ONG,Éducation,2018-01-08,2023-08-17,Pineau,Dorothée,Be89641,Agdal,Fès,FÈ066,Suspendu
AFF0067,Letellier Lombard S.A.S.,SAS,678791438371226,RC143356,77619739,PrivéPublic,Tourisme,2018-12-12,2024-11-24,Evrard,Joseph,hH15993,Sidi Bouzid,El Jadida,EL067,Actif
AFF0068,Moreno,SAS,770113192502327,RC979474,24705372,Privé,Santé,2017-06-25,2024-12-22,Berger,Sébastien,Df31348,Hay Salam,Errachidia,ER068,Actif
AFF0069,Gaillard et Fils,SA,158446093497559,RC498946,68317781,PrivéPublic,Tech,2020-02-01,2023-08-15,Legrand,Marie,jD87538,Dakhla,Agadir,AG069,Actif
AFF0070,Michel Bazin S.A.R.L.,SAS,967767879315067,RC811365,53727485,Privé,Logistique,2018-11-13,2024-04-28,Becker,Jeanne,KP27880,Agdal,Fès,FÈ070,Actif
AFF0071,Moreno,SA,648468991560349,RC994216,16550865,Privé,Énergie,2017-12-24,2024-02-14,Godard,Noémi,xT59693,Hamria,Meknès,ME071,Suspendu
AFF0072,Dupuy Brunel S.A.R.L.,SAS,190230482043149,RC472328,66401439,ONG,Finance,2022-10-26,2024-10-26,Jacquet,Lucy,FP57539,Hamria,Meknès,ME072,Actif
AFF0073,Pierre,SARL,286651888037516,RC783402,59444928,Privé,Agriculture,2016-08-25,2024-01-28,Gosselin,Hugues,IV04063,Al Massira,Nador,NA073,Suspendu
AFF0074,Thierry Perrin SA,SARL,804555620224890,RC959054,64220222,PrivéPublic,Retail,2015-09-11,2024-03-23,Cousin,Lucie,kd53515,Hamria,Meknès,ME074,Actif
AFF0075,Diaz et Fils,SARL,119449134286447,RC881096,72285811,Privé,Santé,2017-05-31,2023-07-17,Blin,Benoît,su63082,Al Massira,Nador,NA075,Actif
AFF0076,Mathieu SARL,SARL,646697115116236,RC456781,91043151,Privé,Retail,2016-11-01,2025-04-07,Neveu,Clémence,Cs30106,Al Massira,Nador,NA076,Actif
AFF0077,Mathieu,SA,290643121112303,RC847006,52026167,ONG,Télécommunication,2020-07-26,2024-03-04,Valette,Alexandre,oT50417,Hamria,Meknès,ME077,Actif
AFF0078,Schmitt Allard et Fils,SAS,270546679878193,RC169467,41672322,ONG,Textile,2019-07-03,2024-09-04,Mace,Pénélope,pm86983,Gueliz,Marrakech,MA078,Suspendu
AFF0079,Perrin,SAS,962028618187878,RC159586,90613259,Privé,Pharmaceutique,2017-12-08,2024-06-22,Pages,Marcel,ng38482,Hamria,Meknès,ME079,Actif
AFF0080,Blin SA,SA,538698225596771,RC174994,96067587,Privé,Énergie,2016-11-26,2023-12-02,Becker,Thomas,xO13909,Dakhla,Agadir,AG080,Actif
AFF0081,Pons Philippe SA,SARL,719745231413223,RC271755,81526900,Privé,Retail,2017-02-19,2025-04-14,Dupuis,Anne,Yk09984,Hay Salam,Errachidia,ER081,Actif
AFF0082,Aubert S.A.R.L.,SA,643354865679469,RC624736,53929014,Privé,Énergie,2022-11-30,2024-06-08,Bodin,Alex,PN29757,Hamria,Meknès,ME082,Actif
AFF0083,Lejeune,SA,993294680910844,RC418198,15836106,ONG,Éducation,2020-08-11,2025-06-04,Barthelemy,Hortense,rM39686,Hay Hassani,Casablanca,CA083,Actif
AFF0084,Bazin,SA,756000700035313,RC458320,29186922,Privé,Logistique,2020-09-26,2024-06-20,Vincent,Michelle,Ri14884,Hamria,Meknès,ME084,Suspendu
AFF0085,Jourdan SA,SAS,997506599261195,RC925804,31624395,Privé,Textile,2016-09-12,2024-12-02,Denis,Éléonore,sZ00064,Mhannech,Tétouan,TÉ085,Actif
AFF0086,Bouchet Lambert S.A.,SAS,957488636571031,RC774897,60919319,PrivéPublic,Textile,2015-10-27,2023-11-28,Maréchal,Danielle,NZ87199,Al Wahda,Laâyoune,LA086,Suspendu
AFF0087,Bousquet,SA,748076629673483,RC784630,66281189,ONG,Éducation,2023-01-16,2024-06-22,Bertrand,Marine,Uv76872,Al Wahda,Laâyoune,LA087,Actif
AFF0088,Pasquier Vaillant S.A.,SAS,683374374770640,RC876754,76178815,Privé,Retail,2017-09-12,2024-06-17,Carre,Maryse,ZM60175,Gueliz,Marrakech,MA088,Suspendu
AFF0089,Ramos et Fils,SARL,814159246911305,RC686777,56443174,Privé,Artisanat,2016-05-19,2024-06-17,Étienne,Margot,tA14189,Oulad Oujih,Kenitra,KE089,Actif
AFF0090,Daniel Chrétien et Fils,SARL,463900806555465,RC779863,90714971,Privé,Santé,2017-10-17,2024-01-13,Bernier,Anne,Of68701,Al Massira,Nador,NA090,Actif
AFF0091,Leblanc,SARL,694249156111512,RC107171,25350987,ONG,Immobilier,2023-01-03,2025-07-02,Lebon,Anouk,xv91819,Mhannech,Tétouan,TÉ091,Suspendu
AFF0092,Payet,SAS,209670602906139,RC300913,84517632,ONG,Aéronautique,2020-09-30,2023-08-18,Paris,Isabelle,Sn24478,Dakhla,Agadir,AG092,Actif
AFF0093,Lopez S.A.,SA,238717167498433,RC336532,23827670,ONG,Logistique,2016-12-17,2024-10-04,Verdier,Catherine,sy58800,Oulad Oujih,Kenitra,KE093,Actif
AFF0094,Traore et Fils,SAS,345499368417733,RC688545,61651063,PrivéPublic,Pharmaceutique,2018-12-04,2024-11-26,Maurice,Corinne,db00363,Oulad Oujih,Kenitra,KE094,Actif
AFF0095,Sanchez,SAS,458378676868190,RC286441,14659380,Privé,Retail,2016-01-23,2025-05-03,Martinez,Alice,IM52999,Marshan,Tanger,TA095,Actif
AFF0096,Seguin,SARL,613313666612006,RC419481,66813008,PrivéPublic,Énergie,2017-09-20,2023-12-24,Bertrand,Julie,Oy57513,Hay Salam,Errachidia,ER096,Suspendu
AFF0097,Lacombe Cousin SARL,SARL,655990631924344,RC873750,58977412,PrivéPublic,BTP,2015-10-16,2024-04-25,Joubert,Lorraine,sm51762,Hay Salam,Errachidia,ER097,Actif
AFF0098,Joseph,SAS,914357917649019,RC818046,49041393,Privé,Tourisme,2022-02-04,2024-04-08,Lebon,Marcelle,eV68769,Oulad Oujih,Kenitra,KE098,Actif
AFF0099,Guillon S.A.R.L.,SARL,414432854873701,RC552562,79168308,ONG,Énergie,2018-04-09,2024-04-15,Gonzalez,Marcel,AE28592,Sidi Yahya,Oujda,OU099,Actif
AFF0100,Giraud,SA,938673602233096,RC366368,85543996,ONG,Éducation,2022-12-19,2024-12-21,Étienne,Hélène,PS97304,Mhannech,Tétouan,TÉ100,Actif
AFF0101,Laporte Rey SA,SAS,605987236422804,RC100465,51426886,ONG,Pharmaceutique,2023-02-02,2023-12-11,Ruiz,Amélie,KB28514,Hamria,Meknès,ME101,Actif
AFF0102,Loiseau Valentin S.A.S.,SAS,281955564164424,RC177239,41903011,Privé,Logistique,2022-10-30,2025-04-14,Martinez,Henri,XW15117,Sidi Bouzid,El Jadida,EL102,Suspendu
AFF0103,Fernandez S.A.S.,SARL,636378176954718,RC161128,46405661,Privé,Pharmaceutique,2021-02-28,2024-05-21,Laurent,Adrien,Hc91925,Sidi Yahya,Oujda,OU103,Actif
AFF0104,Navarro Baron SARL,SA,907377619010318,RC249848,30681192,PrivéPublic,Retail,2022-02-08,2025-06-01,Rossi,Virginie,lK04695,Agdal,Rabat,RA104,Actif
AFF0105,Mathieu,SAS,665999217828563,RC434636,90973127,Privé,Aéronautique,2020-04-29,2024-08-13,Legros,Stéphane,Qd44617,Hay Salam,Errachidia,ER105,Actif
AFF0106,Alexandre Leclerc SARL,SA,300682301604219,RC712743,28351321,Privé,BTP,2019-01-08,2024-09-24,Vallet,Michelle,BC02150,Quartier Ennassr,Dakhla,DA106,Actif
AFF0107,Hubert S.A.,SA,799565863302067,RC604847,94161938,Privé,Immobilier,2020-12-10,2024-03-12,Fournier,Camille,vp67482,El Youssoufia,Rabat,RA107,Actif
AFF0108,Costa,SAS,792267785109141,RC432830,81212962,ONG,Finance,2018-12-30,2023-11-29,Camus,Patricia,as29314,Agdal,Fès,FÈ108,Actif
AFF0109,Gomez,SARL,422003339868331,RC114675,68915544,ONG,Retail,2017-11-30,2024-11-15,Perret,Véronique,Po61015,Marshan,Tanger,TA109,Suspendu
AFF0110,Faure,SA,143881430790532,RC890693,50611013,Privé,Finance,2016-07-08,2025-04-03,Aubert,Marguerite,dq64086,Annakhil,Marrakech,MA110,Actif
AFF0111,Dias S.A.,SAS,850610172793546,RC512738,90802312,ONG,Énergie,2019-02-16,2024-07-30,Prévost,François,kY99152,Oulad Oujih,Kenitra,KE111,Suspendu
AFF0112,Jacques,SAS,247198208183364,RC527522,50519320,Privé,Retail,2022-11-17,2024-02-22,Morvan,Constance,tx06425,Agdal,Fès,FÈ112,Actif
AFF0113,Neveu,SA,938306013186312,RC592040,53149936,PrivéPublic,Immobilier,2018-10-30,2024-08-12,Thierry,Marine,vo58696,Al Massira,Nador,NA113,Actif
AFF0114,Pasquier SARL,SA,242772442978089,RC223191,96026773,ONG,Énergie,2016-03-03,2024-07-14,Coste,Caroline,CR01492,Hamria,Meknès,ME114,Actif
AFF0115,Guilbert,SARL,859839482689698,RC590250,55063085,Privé,Pêche,2018-08-13,2023-08-17,Turpin,Gilbert,rf10816,Sidi Bouzid,El Jadida,EL115,Suspendu
AFF0116,Delahaye,SAS,686296755076132,RC400129,16400828,Privé,Retail,2016-09-05,2023-12-08,Bonnet,Sylvie,rx22885,Yacoub El Mansour,Rabat,RA116,Suspendu
AFF0117,Giraud,SARL,421889914230291,RC956483,28948046,Privé,Textile,2023-06-12,2025-06-03,Jourdan,Jean,rz40375,Agdal,Fès,FÈ117,Actif
AFF0118,Pineau,SARL,875975286069239,RC131481,22536552,Privé,Énergie,2016-10-19,2025-02-17,Perez,Hortense,IS30015,Sidi Yahya,Oujda,OU118,Actif
AFF0119,Besnard,SA,681281504354070,RC935941,82027150,ONG,Éducation,2021-06-07,2023-12-20,Briand,Lucy,uG43320,Al Wahda,Laâyoune,LA119,Actif
AFF0120,Bourdon,SA,110732162541043,RC899424,55062562,ONG,Aéronautique,2019-02-17,2024-12-10,Dumont,Michelle,tV36824,Quartier Ennassr,Dakhla,DA120,Suspendu
AFF0121,Teixeira,SA,859330571430741,RC405072,70916238,Privé,Pêche,2018-08-16,2025-02-23,Godard,Roger,jU60700,Anfa,Casablanca,CA121,Actif
AFF0122,Marchand,SAS,538609915190186,RC368530,48166559,Privé,Pharmaceutique,2022-03-28,2025-07-04,Cohen,François,vm67544,Sidi Youssef Ben Ali,Marrakech,MA122,Actif
AFF0123,Cousin Fabre S.A.R.L.,SAS,299638907206502,RC554423,79300833,Privé,Transport,2018-03-23,2023-09-05,Lebreton,Colette,AL60833,Oulad Oujih,Kenitra,KE123,Actif
AFF0124,Breton,SAS,745818245802561,RC619984,84855241,ONG,Transport,2017-01-13,2024-02-19,Allard,Josette,Jh84074,Hamria,Meknès,ME124,Actif
AFF0125,Jacob,SA,583727306938925,RC574780,75299883,Privé,Énergie,2018-01-02,2024-02-14,Cordier,Maryse,XM16793,Yacoub El Mansour,Rabat,RA125,Actif
AFF0126,Robin,SAS,111002364919077,RC596813,34305258,PrivéPublic,Santé,2022-04-28,2023-12-27,Faivre,Victor,Kz83396,Oulad Oujih,Kenitra,KE126,Actif
AFF0127,Moulin SA,SA,523379295728048,RC600200,82366919,Privé,BTP,2022-08-13,2023-08-13,Berthelot,Louise,lq69342,Hay Salam,Errachidia,ER127,Actif
AFF0128,Potier,SA,671010738342074,RC460777,12749074,Privé,Transport,2023-04-23,2024-07-07,Guillot,Jules,SB53068,Hamria,Meknès,ME128,Suspendu
AFF0129,Aubry SA,SAS,180861177229183,RC368117,32514879,ONG,Énergie,2022-03-14,2024-12-11,Thierry,Michèle,Sh88188,Agdal,Fès,FÈ129,Actif
AFF0130,Leclerc SARL,SA,332650234950010,RC952789,59065716,ONG,Retail,2021-07-28,2023-07-28,Boucher,Honoré,vh46809,Hamria,Meknès,ME130,Suspendu
AFF0131,Carre,SARL,783347255832749,RC428738,77480863,PrivéPublic,Pêche,2022-11-26,2023-10-17,Parent,Clémence,Ej88492,Quartier Ennassr,Dakhla,DA131,Suspendu
AFF0132,Moreau,SA,229919614864015,RC120081,38383189,PrivéPublic,BTP,2022-09-03,2024-10-26,Evrard,Grégoire,tH59128,Yacoub El Mansour,Rabat,RA132,Actif
AFF0133,Lemaître S.A.S.,SA,682601840234177,RC897684,10388208,Privé,Santé,2018-02-10,2025-05-28,Humbert,Matthieu,RR38644,Al Massira,Nador,NA133,Actif
AFF0134,Morvan,SA,842240257341222,RC607941,68601370,PrivéPublic,Aéronautique,2017-06-19,2025-02-26,Bonnin,Claire,jP58090,Al Wahda,Laâyoune,LA134,Suspendu
AFF0135,Carlier S.A.,SA,219481494286559,RC432498,94187590,Privé,Finance,2018-02-02,2025-06-16,Girard,Olivie,ZL59890,Hay Hassani,Casablanca,CA135,Actif
AFF0136,Léger,SARL,375060851602679,RC516515,82741425,Privé,Retail,2020-07-16,2025-03-10,Moreno,Agathe,tv10778,Hay Salam,Errachidia,ER136,Actif
AFF0137,Lévy,SA,952006316654344,RC755072,42366696,PrivéPublic,Artisanat,2017-05-03,2024-05-31,Guillaume,Véronique,Jv62896,Mhannech,Tétouan,TÉ137,Actif
AFF0138,Barbier Olivier SARL,SA,761344528762128,RC237693,96897291,PrivéPublic,Finance,2015-08-08,2024-12-25,Maillard,Maggie,Yp26311,Annakhil,Marrakech,MA138,Suspendu
AFF0139,Rousset Pasquier et Fils,SARL,211179081515300,RC436282,30498747,Privé,Pharmaceutique,2018-12-30,2023-07-17,Bonnet,Denise,eu16272,Oulad Oujih,Kenitra,KE139,Actif
AFF0140,De Sousa Rodrigues S.A.,SA,366438968784887,RC240620,23841229,PrivéPublic,Artisanat,2016-05-29,2023-09-06,Rivière,Capucine,jl57801,Annakhil,Marrakech,MA140,Actif
AFF0141,Mathieu Labbé S.A.R.L.,SAS,730138718375430,RC804842,33991250,Privé,Tourisme,2019-05-17,2025-04-10,Germain,Victoire,MF08054,Quartier Ennassr,Dakhla,DA141,Suspendu
AFF0142,Vasseur,SAS,320065750391496,RC834327,12970064,Privé,Logistique,2018-10-06,2023-12-19,Thibault,Julie,yC08535,Oulad Oujih,Kenitra,KE142,Actif
AFF0143,Lebrun,SA,207602791758658,RC300933,15226732,ONG,Industrie,2022-09-07,2024-07-09,Labbé,Renée,xh45855,Sidi Yahya,Oujda,OU143,Suspendu
AFF0144,Baudry,SARL,478822624032050,RC474086,96057870,ONG,Tech,2016-07-04,2024-08-06,Millet,Adélaïde,Fe12131,Sidi Yahya,Oujda,OU144,Suspendu
AFF0145,Charpentier,SARL,862311384599418,RC144267,96157622,PrivéPublic,Éducation,2022-01-15,2024-04-14,Mercier,Marie,vp23615,Ménara,Marrakech,MA145,Actif
AFF0146,Leduc Duhamel S.A.R.L.,SAS,380465470175565,RC807110,11162260,Privé,Transport,2022-05-09,2023-09-20,Bouchet,Marie,xe60841,Maarif,Casablanca,CA146,Suspendu
AFF0147,De Oliveira Marion S.A.S.,SAS,553309817588569,RC266739,50961266,Privé,Agriculture,2021-08-01,2023-11-26,Henry,Arthur,eX81364,Mhannech,Tétouan,TÉ147,Actif
AFF0148,Guilbert Ollivier S.A.R.L.,SA,792176550385345,RC725909,29589919,Privé,Pêche,2018-05-01,2024-02-08,Guilbert,Olivier,GO37133,Agdal,Fès,FÈ148,Suspendu
AFF0149,Duval,SA,263950767678338,RC663832,83773888,PrivéPublic,Logistique,2016-07-20,2024-06-29,Petit,Gabrielle,Xk14241,Maarif,Casablanca,CA149,Actif
AFF0150,Guillou,SARL,586413107087541,RC788337,17416407,ONG,Santé,2017-09-02,2023-08-17,Barre,Julie,UH67861,Al Massira,Nador,NA150,Suspendu
AFF0151,Renaud SA,SARL,671812107026868,RC351581,24419734,Privé,Industrie,2018-10-25,2023-09-28,Seguin,Arnaude,Qr37107,Yacoub El Mansour,Rabat,RA151,Suspendu
AFF0152,Grenier Perret et Fils,SAS,999834442352769,RC371285,50733701,Privé,Télécommunication,2018-01-05,2024-11-28,Hoareau,Julien,Mi19431,Anfa,Casablanca,CA152,Actif
AFF0153,Michel,SA,328905901774329,RC722819,25981926,PrivéPublic,Automobile,2022-08-28,2024-05-17,Garcia,Alexandre,jp47517,Agdal,Fès,FÈ153,Actif
AFF0154,Paul Adam SA,SAS,511158755013835,RC314278,52906165,ONG,Finance,2016-08-05,2023-08-15,Fontaine,Laurent,wL14449,Oulad Oujih,Kenitra,KE154,Suspendu
AFF0155,Moreno SA,SA,642812589729003,RC789380,17489630,ONG,Textile,2016-11-02,2024-08-10,Fournier,Denis,aq86447,Al Wahda,Laâyoune,LA155,Actif
AFF0156,Gomez,SA,330358961254366,RC325046,66029127,ONG,BTP,2022-02-24,2024-02-19,Rey,Émilie,Ei34034,Al Massira,Nador,NA156,Suspendu
AFF0157,Langlois Dos Santos S.A.S.,SARL,539257657584050,RC618681,82712822,PrivéPublic,Agriculture,2016-04-16,2024-04-20,Voisin,Christelle,GQ93719,Al Massira,Nador,NA157,Actif
AFF0158,Leclerc SA,SARL,245725880443009,RC995031,66881115,Privé,Logistique,2019-07-13,2024-04-18,Da Costa,Frédérique,ee92570,Al Wahda,Laâyoune,LA158,Actif
AFF0159,Lévêque,SAS,965025787400673,RC395337,79062639,ONG,Tourisme,2022-10-20,2024-09-19,Turpin,Susan,WC17637,Sidi Yahya,Oujda,OU159,Actif
AFF0160,Dupuis SA,SARL,159455567615236,RC421822,11314023,ONG,Artisanat,2016-11-23,2024-04-15,Evrard,Thibaut,hN28427,Sidi Bouzid,El Jadida,EL160,Actif
AFF0161,Gauthier Petit S.A.S.,SARL,274891869123074,RC818485,55562113,Privé,Logistique,2020-01-13,2024-05-18,Lévêque,Émile,YN45587,Beni Makada,Tanger,TA161,Suspendu
AFF0162,Marion,SARL,216254154697668,RC415362,46640586,Privé,Retail,2016-06-29,2024-01-09,Le Roux,Thibault,Fw17429,Sidi Bouzid,El Jadida,EL162,Actif
AFF0163,Wagner S.A.,SAS,910514327414630,RC223776,24072922,PrivéPublic,Pêche,2021-07-08,2024-08-05,Foucher,Agathe,MW73879,Ménara,Marrakech,MA163,Actif
AFF0164,Perrin,SA,420554192176735,RC891570,18140405,Privé,BTP,2017-01-19,2023-08-18,Martineau,Frédéric,ci65886,Hamria,Meknès,ME164,Suspendu
AFF0165,Meyer Durand et Fils,SAS,807164781626580,RC579351,60086098,Privé,Pêche,2016-07-29,2024-09-12,Bruneau,Henriette,Ze29445,Oulad Oujih,Kenitra,KE165,Actif
AFF0166,Gimenez Dupuy SARL,SAS,671881951588182,RC517685,32486869,ONG,Immobilier,2021-01-30,2023-07-28,Collin,Patrick,MJ20150,Ménara,Marrakech,MA166,Actif
AFF0167,Bonneau,SA,256464169297271,RC402370,90660322,PrivéPublic,Textile,2019-08-19,2024-07-22,Marchal,Olivie,vF86556,Sidi Bouzid,El Jadida,EL167,Actif
AFF0168,Perrot,SAS,365327860439617,RC684312,59529782,Privé,Industrie,2019-05-22,2025-01-17,Gauthier,Capucine,GR32356,Sidi Moumen,Casablanca,CA168,Actif
AFF0169,De Sousa,SARL,960010439942672,RC631613,97617126,Privé,Retail,2022-12-11,2025-06-12,Lebon,Charlotte,Mf51131,Sidi Youssef Ben Ali,Marrakech,MA169,Actif
AFF0170,Jacob,SAS,648780977983549,RC772666,17305487,ONG,Tech,2017-07-20,2024-07-23,Dubois,Claude,lK83347,Beni Makada,Tanger,TA170,Actif
AFF0171,Andre Leblanc S.A.S.,SARL,766902426643102,RC169342,69368652,Privé,Aéronautique,2016-12-24,2024-09-18,Rousset,Noémi,BM74529,Beni Makada,Tanger,TA171,Actif
AFF0172,Pons Legendre SA,SA,268253631206019,RC875599,35726482,Privé,BTP,2016-01-31,2023-09-21,Marion,Adélaïde,DX23960,Agdal,Fès,FÈ172,Actif
AFF0173,Gomes Charpentier et Fils,SARL,846167961823157,RC998366,44829927,Privé,Santé,2021-04-03,2025-07-04,Chauvin,Édith,yl47939,Hay Hassani,Casablanca,CA173,Suspendu
AFF0174,Barbier S.A.,SARL,942210302037981,RC522210,90311461,Privé,Artisanat,2016-12-12,2025-05-20,Peltier,Denise,xW83516,Agdal,Fès,FÈ174,Actif
AFF0175,Albert SA,SAS,704985980830608,RC413876,54492530,ONG,Télécommunication,2017-07-01,2024-07-17,Grondin,Émile,bb63003,Sidi Bouzid,El Jadida,EL175,Actif
AFF0176,Peltier Da Costa S.A.S.,SARL,433747587078287,RC637533,10543884,ONG,Tourisme,2022-03-08,2024-02-11,Ollivier,Stéphanie,as50872,Annakhil,Marrakech,MA176,Actif
AFF0177,Lelièvre,SA,397309807144477,RC300485,12191323,ONG,Artisanat,2016-01-07,2024-02-21,Roche,Victoire,bX13027,Agdal,Fès,FÈ177,Actif
AFF0178,Diallo,SA,636503025410536,RC850342,17366419,Privé,Logistique,2019-02-16,2024-11-05,Gomes,Charlotte,ow93554,Dakhla,Agadir,AG178,Suspendu
AFF0179,Gallet S.A.S.,SARL,598288552872586,RC929047,38578082,Privé,Finance,2017-05-23,2025-05-11,Lemoine,Luc,XB90369,Quartier Ennassr,Dakhla,DA179,Actif
AFF0180,Wagner,SA,285366415993186,RC440317,52983087,ONG,Télécommunication,2018-06-09,2023-12-18,Gauthier,Guillaume,Zd18352,Oulad Oujih,Kenitra,KE180,Actif
AFF0181,Diaz,SA,291245821922960,RC579585,34900968,Privé,Santé,2016-04-10,2025-04-28,Lefèvre,Maurice,iR66771,Oulad Oujih,Kenitra,KE181,Actif
AFF0182,Simon et Fils,SAS,231280298144043,RC331476,39141984,ONG,Pharmaceutique,2017-02-18,2023-10-29,Valentin,Amélie,YU95832,Hay Salam,Errachidia,ER182,Suspendu
AFF0183,Fouquet,SAS,982776569861301,RC896551,11229507,ONG,Aéronautique,2023-06-23,2025-04-15,Coulon,Arthur,xu66304,Quartier Ennassr,Dakhla,DA183,Actif
AFF0184,Lacombe,SARL,550016736802216,RC590240,67371391,Privé,Tech,2018-11-09,2025-02-17,Hamel,Luc,Nz07169,Yacoub El Mansour,Rabat,RA184,Actif
AFF0185,Gallet Labbé S.A.R.L.,SA,693345862511287,RC850991,51205327,ONG,Aéronautique,2021-05-24,2024-12-05,Charpentier,Michelle,CM38293,Oulad Oujih,Kenitra,KE185,Actif
AFF0186,Morel SA,SAS,781418207556156,RC212538,37760913,Privé,BTP,2023-02-24,2023-08-29,Rodrigues,Christophe,mf97107,Mhannech,Tétouan,TÉ186,Actif
AFF0187,Dupré Michaud S.A.,SARL,591098195272774,RC204841,46646445,Privé,Transport,2022-11-23,2025-05-19,Meyer,Marcel,oC72942,Sidi Yahya,Oujda,OU187,Actif
AFF0188,Guillot Guichard SARL,SARL,583315279284100,RC981870,97098052,Privé,Pêche,2020-07-24,2023-12-21,Georges,Eugène,LF04717,Sidi Yahya,Oujda,OU188,Actif
AFF0189,Fouquet S.A.R.L.,SAS,735034157095152,RC687970,91720570,Privé,Télécommunication,2017-07-03,2025-02-19,Schneider,David,GL20161,Mhannech,Tétouan,TÉ189,Actif
AFF0190,Lefebvre,SAS,900029591655566,RC360788,26092552,Privé,Pêche,2020-02-13,2024-02-16,Guyot,Xavier,Rt65881,Anfa,Casablanca,CA190,Actif
AFF0191,Joubert,SAS,501744582605969,RC287907,28710143,ONG,BTP,2016-01-09,2024-09-06,Allard,Édouard,rT97428,Mhannech,Tétouan,TÉ191,Suspendu
AFF0192,Georges S.A.R.L.,SAS,779718413295786,RC427948,50774276,ONG,Retail,2016-03-18,2023-08-13,Gimenez,Éléonore,sx70418,Sidi Yahya,Oujda,OU192,Actif
AFF0193,Coulon,SA,867412958282289,RC628094,42441991,Privé,Retail,2023-04-05,2025-07-08,Thomas,Henri,qJ50774,Sidi Bouzid,El Jadida,EL193,Actif
AFF0194,Dupré Carpentier SA,SARL,638495507767122,RC550861,14744922,Privé,Énergie,2020-07-03,2024-01-07,Foucher,Gilbert,ZJ09055,Ménara,Marrakech,MA194,Actif
AFF0195,Jacob S.A.S.,SAS,304263239781795,RC535780,56689370,ONG,Tourisme,2018-01-12,2025-07-11,Evrard,Isabelle,pN60539,Dakhla,Agadir,AG195,Suspendu
AFF0196,Techer Sauvage SARL,SAS,598429173380417,RC101905,26224596,Privé,Logistique,2018-03-16,2023-10-09,Lemonnier,Victoire,IA82519,Hay Salam,Errachidia,ER196,Actif
AFF0197,Bertrand Launay S.A.S.,SARL,399810575581949,RC934136,42841023,PrivéPublic,Éducation,2016-11-17,2024-05-07,Pineau,Olivier,rm14584,Hay Riad,Rabat,RA197,Actif
AFF0198,Gimenez,SAS,836569853757835,RC960135,76996694,Privé,BTP,2019-09-15,2025-04-11,Laurent,Anne,Pv88699,Hay Salam,Errachidia,ER198,Actif
AFF0199,Guillot Lévêque SA,SA,166256536569941,RC730976,48084708,ONG,Tech,2015-08-14,2024-07-30,Ferreira,Jeannine,Xj32240,Quartier Ennassr,Dakhla,DA199,Actif
AFF0200,Fontaine Merle SA,SAS,484727044277509,RC557805,50543379,Privé,Santé,2023-01-09,2024-05-03,Teixeira,Alice,fF93810,Hay Salam,Errachidia,ER200,Actif
AFF0201,Couturier,SARL,859960682039442,RC936887,18046949,Privé,Automobile,2018-08-08,2024-08-08,Faivre,Suzanne,Ho44346,Hamria,Meknès,ME201,Suspendu
AFF0202,Paul S.A.R.L.,SAS,716670021693549,RC579319,64352202,Privé,Retail,2022-03-29,2024-01-16,Cohen,Clémence,kl55585,Centre,Tanger,TA202,Actif
AFF0203,Baron,SARL,790228025639335,RC716399,41390306,Privé,BTP,2017-09-29,2023-12-15,Marques,Victoire,Cy33544,Quartier Ennassr,Dakhla,DA203,Actif
AFF0204,Navarro Gautier S.A.S.,SAS,679998206035076,RC893462,96934063,Privé,Logistique,2017-04-05,2023-11-08,Coste,Zoé,br20215,Agdal,Fès,FÈ204,Actif
AFF0205,Robin Guillon S.A.,SARL,818231455597530,RC375271,50759900,Privé,Pharmaceutique,2017-12-18,2025-01-04,Goncalves,André,gN71430,Hamria,Meknès,ME205,Actif
AFF0206,Bourgeois,SARL,439708933102680,RC368325,32562571,Privé,Industrie,2023-02-17,2025-04-24,Bernard,Antoine,Cx04063,Ménara,Marrakech,MA206,Actif
AFF0207,Masson Gaillard SA,SARL,278007790257379,RC606946,17440171,PrivéPublic,Finance,2018-11-29,2025-01-16,Boucher,Aimée,zk98356,Oulad Oujih,Kenitra,KE207,Actif
AFF0208,Allard,SAS,333639477044079,RC172380,23195561,ONG,BTP,2020-04-28,2024-04-02,Julien,Sylvie,ah90941,Ménara,Marrakech,MA208,Actif
AFF0209,Robert,SAS,373929998177023,RC241200,53685856,PrivéPublic,Tourisme,2015-12-12,2024-12-02,Mallet,Jeanne,dh98898,Al Massira,Nador,NA209,Actif
AFF0210,Schneider Germain SARL,SA,330211046082268,RC608534,54756872,Privé,BTP,2015-08-23,2023-11-18,Nicolas,Charles,dh26274,Al Wahda,Laâyoune,LA210,Actif
AFF0211,De Sousa,SAS,318214659854026,RC831055,24837824,PrivéPublic,Logistique,2020-03-05,2024-07-18,Henry,Laurence,Rc75340,Oulad Oujih,Kenitra,KE211,Actif
AFF0212,Fontaine Texier S.A.R.L.,SAS,904879273376762,RC537531,47180245,Privé,Textile,2019-04-09,2024-04-14,Gomes,Stéphane,cx77043,El Youssoufia,Rabat,RA212,Actif
AFF0213,Baudry Brunet S.A.S.,SAS,889932740602402,RC859197,99830066,PrivéPublic,Éducation,2022-01-07,2024-01-04,Bonnet,Jeanne,GZ01039,Agdal,Rabat,RA213,Actif
AFF0214,Salmon,SA,751874679605587,RC971443,72940058,Privé,Tech,2022-03-18,2024-04-08,Imbert,Odette,uH23277,Hamria,Meknès,ME214,Actif
AFF0215,Pires,SA,852853974885221,RC497276,60439427,Privé,Télécommunication,2018-08-01,2025-06-09,Bousquet,Dominique,Nw29228,Yacoub El Mansour,Rabat,RA215,Actif
AFF0216,Morvan Hubert SA,SAS,932131492473052,RC216113,44276593,Privé,Automobile,2021-08-31,2024-09-24,Letellier,Jean,aP07252,Quartier Ennassr,Dakhla,DA216,Suspendu
AFF0217,Masse,SA,581711552754834,RC399234,16783655,ONG,Santé,2022-09-23,2023-09-15,Fabre,Victor,aB83641,Sidi Bouzid,El Jadida,EL217,Suspendu
AFF0218,Marchal S.A.R.L.,SARL,993179417713519,RC579931,34370653,Privé,Logistique,2022-07-03,2025-03-23,Rivière,Daniel,mt91559,Sidi Moumen,Casablanca,CA218,Actif
AFF0219,Picard,SARL,467552921203387,RC429868,62151067,PrivéPublic,Retail,2023-03-04,2025-06-27,Pottier,Frédérique,mO95357,Dakhla,Agadir,AG219,Actif
AFF0220,Courtois Clément SARL,SARL,661824003096281,RC929051,20772556,Privé,Automobile,2021-12-28,2025-05-27,Imbert,Pauline,jB50407,Agdal,Fès,FÈ220,Actif
AFF0221,Loiseau,SARL,322312397318719,RC122896,12711358,ONG,Retail,2015-09-28,2024-10-19,Normand,Manon,by61191,Al Wahda,Laâyoune,LA221,Suspendu
AFF0222,Joubert,SARL,188766264879887,RC318964,12060116,Privé,Automobile,2020-10-12,2024-04-08,Caron,Joseph,Eg83976,Hamria,Meknès,ME222,Actif
AFF0223,Marie,SAS,342360084815465,RC154843,23272748,Privé,Tourisme,2021-10-03,2025-01-01,Wagner,Alice,ob78624,Oulad Oujih,Kenitra,KE223,Actif
AFF0224,Imbert,SAS,634691027160350,RC203994,95569000,PrivéPublic,Pêche,2018-03-25,2024-12-08,Royer,Margot,uB99205,Hamria,Meknès,ME224,Actif
AFF0225,Dupont SARL,SA,673774886911664,RC645480,94684580,Privé,BTP,2022-05-21,2025-04-26,Allard,Christine,aG28246,Quartier Ennassr,Dakhla,DA225,Suspendu
AFF0226,Barthelemy,SARL,457034139260607,RC267639,40685632,ONG,Industrie,2020-09-28,2023-07-24,Traore,Alfred,hD90684,Dakhla,Agadir,AG226,Actif
AFF0227,Blin S.A.,SA,613807385895174,RC936143,59938192,Privé,Tourisme,2021-04-18,2024-02-27,Joly,Georges,Aq44181,Hay Salam,Errachidia,ER227,Actif
AFF0228,Tessier SA,SARL,149955634225864,RC295163,21875587,ONG,Retail,2015-08-29,2023-11-09,Costa,Tristan,cn13860,Oulad Oujih,Kenitra,KE228,Actif
AFF0229,Vincent et Fils,SARL,118253064992501,RC374838,31588053,PrivéPublic,Agriculture,2019-04-27,2023-09-11,Marion,Tristan,ui53222,Hay Salam,Errachidia,ER229,Suspendu
AFF0230,Roux S.A.,SARL,250578236002253,RC295361,18836178,Privé,Éducation,2021-08-20,2025-01-22,Delannoy,Noël,mN66851,Sidi Yahya,Oujda,OU230,Suspendu
AFF0231,Guibert,SA,427083547870836,RC115508,38759663,PrivéPublic,Retail,2016-10-27,2023-08-23,Fernandez,Camille,bt19043,Annakhil,Marrakech,MA231,Actif
AFF0232,Maréchal Perret S.A.R.L.,SAS,876935034458107,RC178104,56228403,ONG,Énergie,2021-04-19,2025-01-14,Fleury,Virginie,QR75536,Dakhla,Agadir,AG232,Suspendu
AFF0233,Da Costa,SA,346575674563273,RC617339,33834658,Privé,Artisanat,2019-05-17,2023-09-06,Lemoine,Patrick,Xb32860,Sidi Bouzid,El Jadida,EL233,Suspendu
AFF0234,Muller,SARL,466514479252248,RC830034,83478320,Privé,Télécommunication,2015-11-09,2024-09-05,Hervé,Louise,CH37041,Mhannech,Tétouan,TÉ234,Suspendu
AFF0235,Normand,SAS,366591897374568,RC801220,58780762,Privé,Tech,2020-04-17,2024-11-25,Valette,Isabelle,ES88886,Oulad Oujih,Kenitra,KE235,Actif
AFF0236,Michel,SAS,450569326012204,RC877298,92864458,ONG,Pharmaceutique,2022-10-20,2025-03-27,Gérard,Rémy,jy29673,Beni Makada,Tanger,TA236,Actif
AFF0237,Bourgeois,SARL,967974897050765,RC659259,30464676,ONG,Automobile,2015-09-18,2023-12-27,Brunet,Thibaut,Bk27931,Al Massira,Nador,NA237,Actif
AFF0238,Bourdon,SARL,971341967319371,RC336337,60103609,ONG,Logistique,2018-08-07,2024-08-10,Faivre,Marianne,wY84222,Hay Hassani,Casablanca,CA238,Actif
AFF0239,Bonneau,SAS,659940492821968,RC558699,95308245,ONG,Industrie,2022-11-01,2025-04-11,Becker,Michelle,Bn08174,Al Massira,Nador,NA239,Actif
AFF0240,Mallet Olivier S.A.R.L.,SA,274766554218784,RC131852,69571803,Privé,Automobile,2015-10-13,2024-11-16,Leroux,Josette,nj66327,Sidi Yahya,Oujda,OU240,Actif
AFF0241,Navarro,SAS,358243315068066,RC231507,26675058,ONG,Industrie,2023-04-27,2024-01-30,Didier,Olivier,YK96399,Al Massira,Nador,NA241,Actif
AFF0242,Cordier Bonnet S.A.R.L.,SAS,742281057388420,RC523433,46548452,PrivéPublic,Artisanat,2017-11-22,2024-04-18,Devaux,Sophie,Sm09760,Al Wahda,Laâyoune,LA242,Actif
AFF0243,Guillou,SAS,303639590372358,RC332357,57796883,ONG,Tourisme,2017-01-14,2024-10-11,Marion,Jeanne,og46492,Mhannech,Tétouan,TÉ243,Actif
AFF0244,Fischer,SARL,786168068246490,RC665495,63230335,Privé,Logistique,2019-09-29,2024-10-13,Noël,Thibaut,wA16786,Al Wahda,Laâyoune,LA244,Actif
AFF0245,Jacob Leclercq et Fils,SARL,468029705675371,RC122914,70534626,Privé,Santé,2019-03-15,2024-03-19,Mercier,Colette,mA95594,Sidi Bouzid,El Jadida,EL245,Suspendu
AFF0246,Gauthier,SAS,497988784856470,RC734656,42664987,PrivéPublic,Tech,2019-12-31,2025-01-11,Chauvin,Gabriel,FD26558,Ménara,Marrakech,MA246,Actif
AFF0247,Garcia,SA,766727218296002,RC123867,59521497,ONG,Artisanat,2017-05-23,2024-12-03,Pottier,Andrée,IW03209,Hay Riad,Rabat,RA247,Actif
AFF0248,Chauvin Gonzalez S.A.R.L.,SA,885005861680637,RC648591,18748608,ONG,Santé,2018-03-03,2025-02-19,Weiss,Jules,HO58712,Sidi Bouzid,El Jadida,EL248,Suspendu
AFF0249,Nicolas SA,SAS,588353315706835,RC746846,34312189,Privé,Santé,2020-08-24,2023-12-12,Leclerc,Henri,TD05624,Agdal,Fès,FÈ249,Actif
AFF0250,Bigot SARL,SARL,562634558107829,RC204734,97934225,Privé,Tourisme,2021-03-13,2023-09-09,Bourgeois,Luc,Js63237,Hay Salam,Errachidia,ER250,Actif
AFF0251,Lemaître S.A.,SARL,434989215267304,RC261783,22401383,Privé,Tourisme,2016-05-03,2025-06-26,Da Silva,Joséphine,eB29825,Oulad Oujih,Kenitra,KE251,Actif
AFF0252,Nicolas,SA,525407792716274,RC842688,48208341,ONG,Industrie,2022-06-30,2023-10-29,Leclercq,Patricia,fu20268,Al Massira,Nador,NA252,Actif
AFF0253,Julien,SARL,461697870976979,RC365431,74561108,Privé,Artisanat,2020-05-30,2024-06-11,Marchal,Susanne,LV49134,Dakhla,Agadir,AG253,Suspendu
AFF0254,Andre Ferreira S.A.S.,SA,859606183188880,RC468284,94716198,ONG,Éducation,2015-08-13,2024-01-31,Meyer,Philippine,al94393,Dakhla,Agadir,AG254,Actif
AFF0255,Ledoux Bruneau SA,SARL,504685920208185,RC571869,31481682,ONG,Textile,2017-02-10,2024-05-12,Poulain,Charlotte,tn23351,Quartier Ennassr,Dakhla,DA255,Actif
AFF0256,Legendre,SAS,519862193231927,RC509251,62444884,PrivéPublic,Industrie,2018-07-31,2025-07-08,Coste,François,KE46661,Gueliz,Marrakech,MA256,Actif
AFF0257,Langlois,SAS,995311560771775,RC489528,27958294,Privé,Textile,2021-02-06,2023-09-03,Lejeune,Adrien,Id49779,Al Wahda,Laâyoune,LA257,Suspendu
AFF0258,Julien Roy S.A.S.,SARL,804591502653691,RC354762,48282091,PrivéPublic,Tech,2018-03-01,2025-01-14,Lecoq,Étienne,xO33411,Dakhla,Agadir,AG258,Actif
AFF0259,Pasquier Besson SA,SA,540890781621920,RC727252,86569373,PrivéPublic,Artisanat,2017-02-28,2023-12-11,Briand,Valentine,wH20927,Quartier Ennassr,Dakhla,DA259,Actif
AFF0260,Rémy,SARL,543014494105884,RC197235,61845249,Privé,Logistique,2017-01-24,2024-01-30,Cordier,Valentine,IK78473,Sidi Youssef Ben Ali,Marrakech,MA260,Actif
AFF0261,Da Costa,SAS,787666233324595,RC461458,42609541,Privé,Agriculture,2017-04-29,2025-04-20,Fouquet,Thibault,xG70338,Mhannech,Tétouan,TÉ261,Suspendu
AFF0262,Paul Noël S.A.S.,SAS,359831698211001,RC226704,28938278,ONG,Transport,2018-12-09,2024-01-21,Bruneau,Jeannine,iU27298,Yacoub El Mansour,Rabat,RA262,Suspendu
AFF0263,Pasquier,SA,235933869553629,RC818263,38360047,PrivéPublic,Aéronautique,2017-06-05,2025-06-23,Maurice,Nathalie,ct62407,Centre,Tanger,TA263,Actif
AFF0264,Boutin Chauveau S.A.R.L.,SAS,697454109253864,RC882540,89240096,ONG,Santé,2016-08-17,2024-08-10,Berthelot,Brigitte,Yk64610,El Youssoufia,Rabat,RA264,Actif
AFF0265,Boyer,SARL,104255041023485,RC399457,72945621,Privé,Textile,2019-12-27,2025-01-14,Costa,Joséphine,Us51978,Sidi Bouzid,El Jadida,EL265,Actif
AFF0266,Masse S.A.,SAS,778609174779448,RC361352,63779420,Privé,Finance,2021-05-04,2024-06-17,Lévêque,Nathalie,mR00853,Al Wahda,Laâyoune,LA266,Actif
AFF0267,Gilles,SA,300972846857428,RC505146,38609284,PrivéPublic,Santé,2020-03-11,2024-12-23,Guyon,Josette,hW45049,Hamria,Meknès,ME267,Suspendu
AFF0268,Dufour,SA,533779906881719,RC585150,27156398,Privé,Immobilier,2021-05-21,2025-03-22,Lévy,Diane,CB51727,Sidi Moumen,Casablanca,CA268,Actif
AFF0269,De Oliveira SARL,SARL,569753219806298,RC394059,21617477,Privé,Télécommunication,2018-07-08,2025-07-12,Marchand,Laurence,AW57507,Beni Makada,Tanger,TA269,Actif
AFF0270,Carpentier Lemoine SARL,SARL,869825393118318,RC242867,42561754,Privé,Pharmaceutique,2023-07-14,2023-12-10,Deschamps,Jacqueline,sb00639,Agdal,Fès,FÈ270,Actif
AFF0271,Bègue SA,SARL,725299352275214,RC253838,87324178,Privé,Santé,2022-01-23,2024-09-28,Ribeiro,Julien,NU85143,Hamria,Meknès,ME271,Suspendu
AFF0272,Pascal,SARL,187303522705922,RC198454,33046622,ONG,Pharmaceutique,2023-03-07,2023-09-14,Legrand,Thomas,AC12233,Hamria,Meknès,ME272,Suspendu
AFF0273,Voisin,SA,188232755904058,RC429716,12164472,ONG,Pharmaceutique,2016-04-06,2024-08-26,Lefort,Victoire,tE28373,Maarif,Casablanca,CA273,Actif
AFF0274,Gomez,SARL,617761800990793,RC332488,84099675,ONG,Pharmaceutique,2016-12-10,2024-06-11,Gomez,Antoinette,lO92918,Sidi Yahya,Oujda,OU274,Actif
AFF0275,Mahe Thierry S.A.S.,SARL,981423884212454,RC195968,33108988,Privé,Tech,2018-03-07,2024-12-28,Perrin,Stéphane,su10463,Oulad Oujih,Kenitra,KE275,Actif
AFF0276,Lelièvre,SARL,796664333848451,RC516335,23452105,Privé,Artisanat,2021-05-25,2023-11-14,Leconte,André,fc12053,Annakhil,Marrakech,MA276,Suspendu
AFF0277,Lambert SA,SAS,259770445253104,RC732884,58965032,PrivéPublic,Tech,2017-05-13,2025-07-05,Bruneau,Matthieu,oL72199,Hamria,Meknès,ME277,Actif
AFF0278,Blot,SA,911275560193647,RC489720,81349137,ONG,Textile,2020-12-25,2025-05-19,Collet,Thérèse,YY32898,Oulad Oujih,Kenitra,KE278,Actif
AFF0279,Bonnin,SAS,322801951706376,RC618058,19387044,PrivéPublic,Automobile,2019-05-07,2023-09-16,Boulanger,Bernard,bW97054,Mhannech,Tétouan,TÉ279,Actif
AFF0280,Fontaine,SA,730934460927404,RC137351,53608405,Privé,BTP,2019-02-23,2024-05-14,Leconte,Chantal,vC04630,Mhannech,Tétouan,TÉ280,Suspendu
AFF0281,Barbier Delmas et Fils,SARL,870023376169980,RC681367,19724806,Privé,Immobilier,2016-12-29,2024-02-05,Vallet,Danielle,OS53467,Sidi Bouzid,El Jadida,EL281,Actif
AFF0282,Merle,SA,587776738929624,RC764491,86286784,Privé,Énergie,2023-05-06,2024-10-24,Hardy,Marthe,vP14996,Al Wahda,Laâyoune,LA282,Suspendu
AFF0283,Lefèvre,SARL,533195554599741,RC188050,61412595,Privé,Pharmaceutique,2023-07-11,2024-03-20,Vasseur,Alphonse,jq99282,Hay Salam,Errachidia,ER283,Actif
AFF0284,Dumas Georges et Fils,SA,155395895692813,RC868498,64004317,ONG,Transport,2023-06-16,2024-05-07,Poirier,Lucie,yc45698,Oulad Oujih,Kenitra,KE284,Actif
AFF0285,Lebon,SARL,401062921325588,RC308277,44119317,Privé,Éducation,2016-02-08,2025-02-21,Vidal,Stéphanie,CM76239,Dakhla,Agadir,AG285,Suspendu
AFF0286,Pruvost SARL,SA,967664230535916,RC204384,52904435,ONG,Tourisme,2020-09-08,2025-07-15,Jacquot,Catherine,Gw45030,Al Massira,Nador,NA286,Suspendu
AFF0287,Mary,SA,712929383345276,RC391764,71633598,PrivéPublic,Transport,2020-05-09,2024-04-01,Guibert,Patricia,yW42618,Sidi Youssef Ben Ali,Marrakech,MA287,Actif
AFF0288,Gaillard David S.A.S.,SA,829436890149644,RC972839,19565719,PrivéPublic,Retail,2022-04-16,2025-04-12,Chauvin,Clémence,KA08541,Sidi Yahya,Oujda,OU288,Actif
AFF0289,Briand,SARL,505653662845043,RC434599,48488119,Privé,Transport,2020-05-10,2025-03-15,Nguyen,Marcelle,Jc02063,Yacoub El Mansour,Rabat,RA289,Actif
AFF0290,Masson,SA,362274742745960,RC828556,85733378,ONG,Textile,2020-08-18,2023-08-14,Vallet,Denise,HC16112,Quartier Ennassr,Dakhla,DA290,Suspendu
AFF0291,Arnaud Chevallier SARL,SARL,668055569895528,RC510878,86035923,PrivéPublic,Aéronautique,2021-05-23,2024-05-01,Guyon,Luce,Bn89061,Agdal,Fès,FÈ291,Actif
AFF0292,Marques SA,SAS,380156509323624,RC196106,17324259,PrivéPublic,Textile,2016-02-11,2025-05-31,Berthelot,Frédéric,Wa65694,Mhannech,Tétouan,TÉ292,Actif
AFF0293,Lebreton Imbert S.A.S.,SARL,880823086699002,RC806324,53229678,Privé,Transport,2021-02-25,2025-06-03,Leblanc,Anaïs,aV97529,Quartier Ennassr,Dakhla,DA293,Actif
AFF0294,Meunier,SARL,125610816872790,RC808719,94920166,PrivéPublic,Agriculture,2021-01-18,2025-01-20,Bertrand,Henri,fA07372,Agdal,Fès,FÈ294,Actif
AFF0295,Julien,SAS,635440023887882,RC726678,34560308,PrivéPublic,Finance,2016-01-16,2025-04-13,Mallet,Henriette,qW90054,Al Massira,Nador,NA295,Actif
AFF0296,Valette S.A.S.,SAS,833878233396932,RC942759,28879377,PrivéPublic,Santé,2021-03-08,2025-06-23,Gay,Stéphanie,WU96529,Oulad Oujih,Kenitra,KE296,Actif
AFF0297,Guichard,SARL,433032694048164,RC519076,31384960,Privé,Éducation,2020-05-27,2023-08-27,Pereira,Julie,DH74564,Hamria,Meknès,ME297,Actif
AFF0298,Fernandez,SAS,927332696617825,RC140902,75983413,PrivéPublic,Pharmaceutique,2022-04-08,2023-11-18,Mercier,Bernadette,DY17572,Agdal,Fès,FÈ298,Suspendu
AFF0299,Garnier,SAS,564823236755435,RC134296,43544517,Privé,Immobilier,2023-02-03,2023-09-02,Didier,François,EI41652,Sidi Youssef Ben Ali,Marrakech,MA299,Actif
AFF0300,Denis,SAS,227811651170881,RC783931,27051329,Privé,Tourisme,2020-09-05,2024-09-06,Meunier,Émilie,EW04915,Marshan,Tanger,TA300,Actif
AFF0301,Besnard,SAS,444628048844481,RC617572,59694864,PrivéPublic,Artisanat,2022-03-09,2023-12-05,Legros,Étienne,JO35011,Al Wahda,Laâyoune,LA301,Actif
AFF0302,Bodin Germain et Fils,SA,983652632670873,RC297229,44266964,ONG,Automobile,2017-06-05,2024-05-25,Renaud,Pauline,cW51837,Al Wahda,Laâyoune,LA302,Suspendu
AFF0303,Le Goff et Fils,SARL,918394215533970,RC464431,22982933,Privé,Pharmaceutique,2022-03-06,2024-11-06,Jacquot,Anaïs,IM25329,Hay Riad,Rabat,RA303,Actif
AFF0304,Tessier S.A.,SA,838731005881153,RC181371,29807850,PrivéPublic,Tourisme,2018-09-28,2025-01-27,Brunel,Maggie,pc81677,Al Massira,Nador,NA304,Actif
AFF0305,Raynaud Goncalves SARL,SA,673313547505617,RC297886,29751893,ONG,Pêche,2022-09-05,2024-08-12,Germain,Luc,dR01517,Sidi Bouzid,El Jadida,EL305,Actif
AFF0306,Delorme,SAS,501616027845515,RC320399,38530878,Privé,Industrie,2019-10-19,2025-07-08,Grondin,Anne,dh69864,Mhannech,Tétouan,TÉ306,Suspendu
AFF0307,Baron,SAS,866726610116098,RC121096,16605194,Privé,Textile,2020-08-06,2023-11-27,Raymond,Anne,sJ77661,Sidi Bouzid,El Jadida,EL307,Suspendu
AFF0308,Fernandez,SA,600433382612797,RC617569,41975880,PrivéPublic,Pharmaceutique,2020-04-29,2024-02-03,Boyer,Hugues,Sb41253,Al Massira,Nador,NA308,Actif
AFF0309,Ramos S.A.,SARL,413441562715164,RC190994,28441813,ONG,Retail,2021-05-12,2024-05-01,Duhamel,Chantal,NA22400,Al Wahda,Laâyoune,LA309,Actif
AFF0310,Le Goff,SARL,975585957127195,RC493688,34918719,ONG,Industrie,2021-07-01,2024-01-29,Thierry,Raymond,Hr70210,Gueliz,Marrakech,MA310,Suspendu
AFF0311,Guillon S.A.,SAS,757266159811519,RC474631,48298178,Privé,Tech,2017-03-16,2024-05-26,Colin,Lorraine,cD45178,Agdal,Fès,FÈ311,Actif
AFF0312,Carpentier,SA,879009084321568,RC122013,93947253,PrivéPublic,Éducation,2019-06-08,2023-07-20,Barbier,Agathe,Is67615,Maarif,Casablanca,CA312,Actif
AFF0313,Mathieu Humbert S.A.,SA,788035712472533,RC662462,66053780,PrivéPublic,Finance,2018-07-29,2024-04-12,Lemaire,Valentine,nE49506,Hamria,Meknès,ME313,Actif
AFF0314,Bernier,SA,367898695394357,RC657695,41955638,ONG,Retail,2016-12-07,2024-04-30,Lambert,Pénélope,UG79316,Hay Salam,Errachidia,ER314,Actif
AFF0315,Delahaye et Fils,SAS,793028048264897,RC688425,61378767,Privé,Télécommunication,2019-06-12,2024-06-09,Breton,Laurence,mo44963,Oulad Oujih,Kenitra,KE315,Suspendu
AFF0316,Fournier,SA,627077525346140,RC318556,60715373,Privé,Textile,2019-09-30,2025-05-01,Maurice,Michèle,Xl80308,Dakhla,Agadir,AG316,Actif
AFF0317,Cordier,SA,592288425852361,RC638888,20573307,Privé,Tourisme,2020-08-14,2025-02-28,Mahe,Claudine,Pw28680,Annakhil,Marrakech,MA317,Actif
AFF0318,Bousquet,SAS,360987198275483,RC182340,35155600,PrivéPublic,Logistique,2023-06-17,2024-06-06,Brun,Margaux,av13695,Maarif,Casablanca,CA318,Actif
AFF0319,Launay Joseph S.A.,SA,649477136112869,RC297869,34442283,PrivéPublic,Tech,2016-01-02,2024-05-22,Imbert,Hugues,Qu74816,Beni Makada,Tanger,TA319,Actif
AFF0320,Morin Robert SA,SARL,470480670852784,RC481739,63509427,PrivéPublic,Transport,2018-08-10,2023-09-23,Carlier,Anastasie,AU13657,Beni Makada,Tanger,TA320,Actif
AFF0321,Julien,SAS,653631109558756,RC991204,82677658,ONG,Artisanat,2022-03-28,2023-10-19,Bertin,Marie,Qr30201,Agdal,Rabat,RA321,Suspendu
AFF0322,Gosselin Nguyen S.A.,SAS,572354937245385,RC672965,26975892,Privé,Transport,2016-10-30,2025-07-08,Gilbert,Pauline,sp73618,Al Massira,Nador,NA322,Actif
AFF0323,Berthelot,SARL,824681275891185,RC922605,12116838,Privé,Immobilier,2021-03-19,2024-06-22,Rey,Josette,tl58701,Mhannech,Tétouan,TÉ323,Actif
AFF0324,Hernandez SA,SA,168892313146757,RC207888,14380339,Privé,Tech,2015-11-23,2024-11-22,Gautier,Paul,SE85053,Anfa,Casablanca,CA324,Suspendu
AFF0325,Dias,SARL,543330240979587,RC256740,92147156,Privé,Agriculture,2021-06-09,2023-10-26,Masse,Frédérique,ff23602,Dakhla,Agadir,AG325,Suspendu
AFF0326,Thierry,SA,758942655676187,RC496983,33979375,Privé,Santé,2018-05-10,2024-08-11,Legendre,Suzanne,hm68395,Quartier Ennassr,Dakhla,DA326,Actif
AFF0327,Boutin,SAS,197068423485871,RC623571,31869221,Privé,Logistique,2020-11-05,2024-04-01,Pelletier,Jacques,QY04109,Quartier Ennassr,Dakhla,DA327,Actif
AFF0328,Laroche S.A.S.,SAS,235505378013497,RC587177,46712730,PrivéPublic,Finance,2015-08-20,2024-07-28,Didier,Marianne,ZZ82161,Sidi Bouzid,El Jadida,EL328,Actif
AFF0329,Gauthier,SA,978231661970035,RC855933,13658640,PrivéPublic,Éducation,2015-09-08,2024-06-25,Barthelemy,Madeleine,kW93938,Ménara,Marrakech,MA329,Suspendu
AFF0330,Briand Ferreira S.A.R.L.,SARL,744807683769220,RC444090,48568909,PrivéPublic,Agriculture,2016-09-04,2024-07-20,Thierry,Eugène,Xk37373,Agdal,Fès,FÈ330,Actif
AFF0331,Thibault S.A.S.,SA,551146750631722,RC285879,91846090,PrivéPublic,Agriculture,2019-06-25,2024-08-19,Vidal,Alex,Jr59148,Al Wahda,Laâyoune,LA331,Actif
AFF0332,Hamel Payet S.A.,SARL,559333009372072,RC659172,23294970,ONG,Industrie,2019-10-12,2024-02-18,Maury,Inès,MP01125,Al Wahda,Laâyoune,LA332,Suspendu
AFF0333,Charrier SARL,SA,829241544440287,RC899382,84150514,Privé,Finance,2016-03-21,2025-06-12,Devaux,Éléonore,tS48836,Sidi Yahya,Oujda,OU333,Actif
AFF0334,Fontaine S.A.,SARL,655351012984028,RC230228,28434823,Privé,Aéronautique,2018-08-06,2023-08-10,Dijoux,Arnaude,Je47081,Al Wahda,Laâyoune,LA334,Actif
AFF0335,Verdier,SAS,617163705623986,RC481714,62425129,PrivéPublic,Textile,2022-02-22,2024-04-01,Jacques,Thierry,jm40441,Sidi Yahya,Oujda,OU335,Actif
AFF0336,Antoine S.A.S.,SARL,653209199485512,RC859867,17882052,Privé,Immobilier,2022-07-08,2024-11-02,Lemoine,Guillaume,YN30285,Ménara,Marrakech,MA336,Actif
AFF0337,Boyer SARL,SA,627150447196911,RC962449,26793228,PrivéPublic,Agriculture,2019-02-03,2023-08-01,Carpentier,Benjamin,aD17797,Oulad Oujih,Kenitra,KE337,Actif
AFF0338,Julien,SA,815157239472555,RC809668,87965851,ONG,Retail,2019-09-13,2023-10-25,Charrier,Philippe,CQ99558,Al Massira,Nador,NA338,Actif
AFF0339,Pasquier Albert et Fils,SAS,489855520482353,RC193560,57883207,Privé,Automobile,2019-10-19,2025-01-03,Bigot,Émile,bZ85665,Hay Salam,Errachidia,ER339,Actif
AFF0340,Chauvet,SARL,976183695044551,RC257821,99169965,ONG,Éducation,2019-11-15,2025-03-28,Guillou,Susanne,ce82507,Al Wahda,Laâyoune,LA340,Suspendu
AFF0341,Germain S.A.,SARL,467907793132689,RC549965,63062781,Privé,Pharmaceutique,2020-06-20,2024-02-28,Dufour,Christine,yR96876,Annakhil,Marrakech,MA341,Actif
AFF0342,Descamps SARL,SARL,408085901097280,RC488128,86166003,Privé,Retail,2018-12-09,2024-07-04,Leroux,Guy,wY52587,Gueliz,Marrakech,MA342,Suspendu
AFF0343,Barbier SARL,SARL,333452135930306,RC642938,19284006,ONG,Tourisme,2019-03-17,2023-11-28,Godard,Édouard,kg37554,Centre,Tanger,TA343,Suspendu
AFF0344,Faure,SARL,376877875862306,RC166339,30912577,Privé,Éducation,2022-02-11,2024-03-05,Vidal,Diane,Fq36350,Beni Makada,Tanger,TA344,Suspendu
AFF0345,Roy Masse et Fils,SAS,541805236753978,RC710229,10790634,PrivéPublic,BTP,2019-11-10,2024-01-29,Bernard,Suzanne,SU90306,Sidi Yahya,Oujda,OU345,Suspendu
AFF0346,Boulay,SARL,407259301477600,RC234241,90147494,Privé,Textile,2017-08-26,2023-11-24,Reynaud,Honoré,ZP91014,Hay Hassani,Casablanca,CA346,Actif
AFF0347,Klein,SAS,700287697976563,RC821139,48555199,Privé,Énergie,2017-12-24,2023-12-29,Ribeiro,Célina,xd92649,Oulad Oujih,Kenitra,KE347,Actif
AFF0348,Pasquier et Fils,SAS,757482579483442,RC540572,99129113,ONG,Automobile,2017-08-11,2025-05-03,Durand,Richard,vt08155,Mhannech,Tétouan,TÉ348,Suspendu
AFF0349,Samson SA,SAS,584617335660167,RC554001,59688981,Privé,Immobilier,2021-07-26,2025-03-28,Fernandez,Alexandria,Xi01218,Sidi Yahya,Oujda,OU349,Suspendu
AFF0350,Guichard,SA,557777441042301,RC920134,54562780,Privé,Tech,2018-09-17,2024-06-02,Royer,Catherine,jv56231,Al Massira,Nador,NA350,Actif
AFF0351,Lemaître,SARL,142757287338699,RC116189,48068170,Privé,Énergie,2021-10-17,2025-05-17,Ramos,Amélie,sE40406,Al Massira,Nador,NA351,Suspendu
AFF0352,Pinto,SARL,494611635533564,RC150841,29219151,PrivéPublic,Télécommunication,2022-07-24,2024-05-10,Costa,Georges,im56323,Quartier Ennassr,Dakhla,DA352,Actif
AFF0353,Descamps,SA,970644591511472,RC515916,75167641,Privé,Pharmaceutique,2018-10-13,2024-07-09,Perrin,Sébastien,Vf13457,Annakhil,Marrakech,MA353,Actif
AFF0354,Charpentier Blin S.A.S.,SAS,900599983002348,RC101587,81214797,PrivéPublic,Finance,2020-06-04,2024-12-28,Sanchez,Charles,Zr14057,El Youssoufia,Rabat,RA354,Actif
AFF0355,Valette S.A.,SA,766195763922760,RC647283,39512264,Privé,Textile,2023-07-01,2024-01-07,Rousseau,Alexandre,QJ77790,Yacoub El Mansour,Rabat,RA355,Actif
AFF0356,Gillet,SA,378028054079726,RC735328,83968984,PrivéPublic,Immobilier,2016-03-16,2024-02-24,Leroy,Clémence,bf02918,Al Massira,Nador,NA356,Actif
AFF0357,Rousseau Pinto S.A.S.,SARL,694623698124641,RC875661,20344754,Privé,Retail,2021-01-04,2024-07-19,Ribeiro,Noël,sd85937,Sidi Yahya,Oujda,OU357,Actif
AFF0358,Rémy,SAS,550301000898812,RC174326,85251760,Privé,Industrie,2023-01-09,2023-12-15,Hernandez,Eugène,ZE17326,Agdal,Fès,FÈ358,Actif
AFF0359,Ruiz Bourgeois S.A.S.,SA,967608174556355,RC604099,12477307,ONG,Logistique,2016-06-29,2023-12-12,David,Roger,iD98365,Hay Salam,Errachidia,ER359,Actif
AFF0360,Brunet,SARL,913154000302853,RC167875,79891873,ONG,Textile,2019-10-28,2025-02-22,Rocher,Rémy,EF20315,Hay Riad,Rabat,RA360,Actif
AFF0361,Roux,SARL,140145304254641,RC649281,79566006,Privé,Pêche,2019-01-03,2023-08-11,Gautier,Christophe,Fa92410,Dakhla,Agadir,AG361,Actif
AFF0362,Mallet,SAS,355619593615772,RC413274,60479257,PrivéPublic,Artisanat,2023-02-04,2024-11-04,Samson,Laurent,zq51585,Agdal,Fès,FÈ362,Actif
AFF0363,Julien Raymond S.A.R.L.,SAS,808484069912196,RC222673,24234247,ONG,Énergie,2018-10-03,2024-01-02,Martineau,Gabriel,Iw34536,Ménara,Marrakech,MA363,Actif
AFF0364,Gérard S.A.,SAS,247722924894304,RC518995,15241456,ONG,Automobile,2015-11-17,2024-06-14,Olivier,Suzanne,XD34610,Al Massira,Nador,NA364,Actif
AFF0365,Perrot Bouvet S.A.,SAS,866677055857871,RC501322,51443839,Privé,Logistique,2017-11-18,2025-06-07,Verdier,Océane,wr26869,El Youssoufia,Rabat,RA365,Actif
AFF0366,Carlier S.A.,SA,386122690426859,RC631412,66771504,PrivéPublic,Énergie,2016-01-25,2025-01-25,Guillou,Frédérique,NX35289,Sidi Youssef Ben Ali,Marrakech,MA366,Suspendu
AFF0367,Hervé,SAS,156889383959078,RC555536,97032159,ONG,Pêche,2017-07-05,2024-07-31,Leroy,Maggie,Ug68448,Centre,Tanger,TA367,Actif
AFF0368,Langlois et Fils,SAS,456779719153185,RC881310,79566714,ONG,Énergie,2020-03-21,2024-07-29,Joseph,Laurence,Cb19032,Hamria,Meknès,ME368,Actif
AFF0369,Bouchet,SARL,373544623739982,RC208665,45240960,ONG,Textile,2017-07-28,2024-03-15,Arnaud,Anaïs,wY60445,Oulad Oujih,Kenitra,KE369,Suspendu
AFF0370,Laine,SAS,294711766046764,RC222339,52339490,ONG,Tech,2017-04-03,2025-01-20,Sauvage,Agathe,rg68604,Mhannech,Tétouan,TÉ370,Suspendu
AFF0371,Riou Girard S.A.R.L.,SA,130438763489398,RC976645,17763374,PrivéPublic,Finance,2021-03-13,2024-02-24,Pages,Pierre,wl70889,Al Wahda,Laâyoune,LA371,Actif
AFF0372,Léger S.A.S.,SA,793068480692230,RC342120,31720674,Privé,Tech,2023-01-02,2025-05-02,Hoareau,Valérie,yJ04187,Hay Riad,Rabat,RA372,Actif
AFF0373,Le Roux,SAS,119158926933548,RC910544,87067482,Privé,Textile,2017-03-12,2025-05-29,Potier,Raymond,Kf35341,Ménara,Marrakech,MA373,Actif
AFF0374,Brun S.A.R.L.,SA,417703988340771,RC797989,43276560,ONG,Industrie,2015-07-30,2023-08-03,Renaud,Michèle,Qr05896,Sidi Bouzid,El Jadida,EL374,Actif
AFF0375,Leblanc,SARL,982054601132555,RC193898,80036573,ONG,Santé,2019-05-27,2024-01-04,Monnier,Marc,Hk88276,Agdal,Fès,FÈ375,Actif
AFF0376,Legros et Fils,SARL,802709732553815,RC788406,13316628,ONG,Agriculture,2015-12-26,2024-04-19,Foucher,Rémy,eq60715,Agdal,Fès,FÈ376,Actif
AFF0377,Da Silva Delorme SARL,SAS,409660253601960,RC550726,35618470,PrivéPublic,Artisanat,2019-10-06,2025-06-13,Navarro,Margaux,AL57325,Yacoub El Mansour,Rabat,RA377,Actif
AFF0378,Pichon,SAS,145973129672593,RC216995,36542233,Privé,Agriculture,2019-01-12,2023-10-26,Launay,Benoît,RL88116,Dakhla,Agadir,AG378,Actif
AFF0379,Lecomte,SARL,601175446538177,RC959515,95222990,ONG,Éducation,2021-08-13,2024-01-20,Pottier,Richard,pH50740,Marshan,Tanger,TA379,Actif
AFF0380,Marty,SA,772536543974307,RC259395,84769615,ONG,Finance,2016-02-08,2025-03-05,Mercier,Daniel,GF27124,Agdal,Fès,FÈ380,Actif
AFF0381,Dias,SA,176611370016066,RC104708,17291940,ONG,Santé,2016-01-06,2024-12-29,Girard,Emmanuel,BI88381,Sidi Yahya,Oujda,OU381,Actif
AFF0382,Gilbert Royer et Fils,SA,523534663631709,RC239466,37598505,ONG,Logistique,2019-08-01,2024-10-10,Bertrand,Zacharie,wp28570,Al Massira,Nador,NA382,Suspendu
AFF0383,Martin,SAS,378569207330746,RC195706,57165724,Privé,Tourisme,2019-08-14,2025-03-10,Antoine,Adrienne,rG15689,Anfa,Casablanca,CA383,Suspendu
AFF0384,Lacombe SARL,SAS,790671326146373,RC601628,62557143,Privé,BTP,2017-10-07,2024-12-11,Bruneau,Andrée,mY87319,Quartier Ennassr,Dakhla,DA384,Actif
AFF0385,Rousset,SARL,190755096514680,RC204164,85060632,Privé,Finance,2023-03-18,2025-01-28,Renault,Frédéric,LU68108,Dakhla,Agadir,AG385,Suspendu
AFF0386,Renard Daniel S.A.,SARL,625949405515204,RC664660,80790131,Privé,Aéronautique,2022-04-01,2024-08-06,Chrétien,Anne,rk11516,Quartier Ennassr,Dakhla,DA386,Actif
AFF0387,Coste Briand S.A.,SAS,275268173714154,RC107542,80621430,PrivéPublic,Automobile,2022-03-18,2024-01-02,Roux,Marguerite,ou85532,Oulad Oujih,Kenitra,KE387,Actif
AFF0388,Garnier SA,SA,580215017814050,RC394551,71210001,Privé,Tourisme,2019-09-28,2024-07-26,Gilles,Pierre,gm97231,Al Massira,Nador,NA388,Actif
AFF0389,Richard,SAS,321141739526415,RC962993,71109146,PrivéPublic,Agriculture,2017-06-13,2025-05-08,Caron,Alix,Po50254,Al Massira,Nador,NA389,Actif
AFF0390,Bouvier,SAS,470530552151519,RC923675,74365434,Privé,Santé,2018-05-17,2023-09-07,Perez,Léon,TW65862,Mhannech,Tétouan,TÉ390,Actif
AFF0391,Le Gall Bertin SA,SA,582117158524568,RC125382,61437148,ONG,Retail,2019-01-28,2023-12-22,Lucas,Valérie,tZ56539,Dakhla,Agadir,AG391,Actif
AFF0392,Morel Carre S.A.S.,SA,207200258308669,RC480368,26991280,Privé,Immobilier,2018-08-15,2025-02-03,Blanchard,Camille,gz65711,Mhannech,Tétouan,TÉ392,Actif
AFF0393,Dubois S.A.R.L.,SARL,976054341562666,RC781302,11666687,Privé,Finance,2023-01-10,2024-04-18,Labbé,Arnaude,Pi17436,Agdal,Fès,FÈ393,Actif
AFF0394,Fontaine,SAS,966733350379788,RC954516,31799900,ONG,Tourisme,2018-11-18,2023-08-31,Moulin,Jeannine,Hh62761,Al Massira,Nador,NA394,Actif
AFF0395,Alves Bouchet S.A.S.,SA,689999642616495,RC277610,55908329,Privé,Agriculture,2022-06-10,2023-11-01,Lemonnier,Susan,wb94109,Hamria,Meknès,ME395,Actif
AFF0396,Guillou S.A.,SA,827788130001429,RC927606,86149086,ONG,Transport,2017-04-27,2024-06-25,Giraud,Joséphine,kx23386,Sidi Bouzid,El Jadida,EL396,Actif
AFF0397,Gallet Mace S.A.R.L.,SARL,578613533455273,RC251815,13352583,ONG,Agriculture,2016-04-09,2024-06-30,Girard,Honoré,ly32147,Agdal,Rabat,RA397,Suspendu
AFF0398,Moreno,SAS,127622810879016,RC306164,44519238,Privé,Retail,2021-06-04,2024-01-28,Michaud,Bernard,wf38237,Sidi Yahya,Oujda,OU398,Actif
AFF0399,Charrier,SARL,228299868112685,RC192711,65582182,Privé,Télécommunication,2022-03-05,2023-12-14,Fouquet,Guy,rM71658,Agdal,Rabat,RA399,Suspendu
AFF0400,Didier SA,SAS,539372845579747,RC723051,10523555,PrivéPublic,Industrie,2021-07-08,2023-08-01,Legrand,Michelle,AM72961,Sidi Yahya,Oujda,OU400,Actif
AFF0401,Pottier,SARL,677429464184074,RC178617,26392007,Privé,Industrie,2023-01-14,2024-02-26,Moulin,Louise,La81212,Hamria,Meknès,ME401,Actif
AFF0402,Fournier,SAS,985720177667090,RC896596,48097171,ONG,Transport,2019-05-07,2025-01-14,Garnier,André,WM14178,Quartier Ennassr,Dakhla,DA402,Actif
AFF0403,Lacombe,SA,563614384343574,RC150756,19337116,ONG,Finance,2022-05-30,2023-12-07,Aubry,Julien,Sf84170,Sidi Yahya,Oujda,OU403,Actif
AFF0404,Moreno Albert S.A.,SARL,212511683297841,RC879086,56821424,Privé,Logistique,2019-04-26,2023-08-29,Gallet,Céline,Ib89738,Agdal,Fès,FÈ404,Suspendu
AFF0405,Vincent,SAS,736586696310354,RC272932,97868434,ONG,Retail,2018-09-04,2023-08-25,Colas,Thérèse,eU54052,Sidi Yahya,Oujda,OU405,Actif
AFF0406,Pinto,SARL,291295488215584,RC311869,85253781,Privé,Industrie,2020-12-18,2024-10-27,Da Costa,Michel,PG88688,Hay Salam,Errachidia,ER406,Actif
AFF0407,Roux,SAS,234015439037469,RC116632,29254785,Privé,Finance,2023-06-30,2023-09-03,Besnard,Christiane,ga74682,Quartier Ennassr,Dakhla,DA407,Suspendu
AFF0408,Rousseau,SAS,269505726882338,RC403332,18623232,Privé,Pêche,2017-02-25,2025-04-10,Roux,Gabrielle,XQ94092,Beni Makada,Tanger,TA408,Actif
AFF0409,Moreau,SAS,748887622170924,RC420932,99088900,ONG,Pêche,2016-05-03,2023-11-04,Boulanger,Inès,GB47238,Beni Makada,Tanger,TA409,Actif
AFF0410,Pruvost,SA,462721650373863,RC501271,16115504,ONG,Agriculture,2019-12-26,2025-04-21,Clément,Lucie,fV11768,Sidi Youssef Ben Ali,Marrakech,MA410,Suspendu
AFF0411,Weber,SARL,161324109221603,RC243422,85184758,Privé,Retail,2020-02-25,2024-08-11,Gauthier,Sabine,bQ56241,Al Massira,Nador,NA411,Suspendu
AFF0412,Dubois,SA,585427992354463,RC311403,20408082,Privé,Agriculture,2018-11-28,2024-09-07,Didier,Laetitia,ST35144,Al Wahda,Laâyoune,LA412,Actif
AFF0413,Blondel Chauvin S.A.R.L.,SARL,255608741693226,RC386157,55467249,Privé,Santé,2017-09-11,2024-11-28,Leroux,Mathilde,bZ14697,Hamria,Meknès,ME413,Actif
AFF0414,Neveu S.A.R.L.,SA,434866358051652,RC868103,83968716,Privé,Transport,2021-02-14,2024-02-29,Léger,Dorothée,dm06685,Quartier Ennassr,Dakhla,DA414,Actif
AFF0415,Boulanger,SARL,545897961422191,RC551773,17295389,ONG,Agriculture,2015-11-25,2024-10-02,Martinez,Luce,Nv26848,Al Wahda,Laâyoune,LA415,Actif
AFF0416,Guérin S.A.R.L.,SA,692697919031279,RC600934,40546262,ONG,Artisanat,2020-11-25,2024-11-10,Renaud,Denis,nZ86521,Annakhil,Marrakech,MA416,Actif
AFF0417,De Oliveira S.A.,SARL,875680875906798,RC559557,16990767,Privé,Immobilier,2016-01-07,2023-12-03,Thierry,Marthe,NZ35252,Marshan,Tanger,TA417,Actif
AFF0418,Adam,SARL,470610452600904,RC466756,57434242,Privé,Télécommunication,2018-03-20,2025-05-06,Gérard,René,Jb27650,Agdal,Fès,FÈ418,Actif
AFF0419,Guyon,SAS,256138991237018,RC106126,55269014,PrivéPublic,Transport,2021-02-10,2024-06-07,Dumas,Alix,AX88425,Maarif,Casablanca,CA419,Actif
AFF0420,Hernandez S.A.S.,SARL,238704877688432,RC542086,93819408,PrivéPublic,Tech,2015-08-07,2023-09-15,Martinez,Paul,DZ27262,Al Wahda,Laâyoune,LA420,Actif
AFF0421,Meunier,SAS,860853228607178,RC471332,15019365,Privé,Tourisme,2020-01-29,2024-04-19,Blondel,Arnaude,Jo03796,Marshan,Tanger,TA421,Suspendu
AFF0422,Grondin Legendre S.A.R.L.,SARL,274028443341813,RC849644,97916941,Privé,Textile,2020-05-30,2025-03-01,Boulay,Julien,CK95759,Dakhla,Agadir,AG422,Actif
AFF0423,Moreno,SARL,674668865234957,RC701464,58820698,ONG,Agriculture,2022-08-01,2025-05-24,Lejeune,Dorothée,ug89593,Charf,Tanger,TA423,Actif
AFF0424,Diaz SA,SAS,804591925121795,RC435619,83315791,Privé,Télécommunication,2016-09-04,2024-09-01,Albert,Alice,Nl49967,El Youssoufia,Rabat,RA424,Actif
AFF0425,Gallet,SARL,991823862165116,RC164954,20039566,Privé,Agriculture,2017-11-19,2023-09-20,Ribeiro,Frédéric,sj68335,Hay Riad,Rabat,RA425,Actif
AFF0426,Sanchez,SAS,535791986688160,RC378893,81482912,ONG,Immobilier,2015-12-18,2024-07-12,Letellier,Marcelle,bm29965,Dakhla,Agadir,AG426,Suspendu
AFF0427,Le Gall,SARL,139544337558135,RC337563,42310588,ONG,Finance,2020-04-10,2024-12-21,Delannoy,Lorraine,hx07068,Centre,Tanger,TA427,Actif
AFF0428,Joly,SARL,743259368055078,RC576441,22399304,ONG,Automobile,2017-01-20,2024-04-17,Moulin,Léon,Re09559,Ain Sebaa,Casablanca,CA428,Actif
AFF0429,Auger S.A.S.,SARL,886380096128247,RC951013,57541758,Privé,Textile,2021-02-09,2024-12-30,Morin,Pénélope,kF76355,Sidi Yahya,Oujda,OU429,Actif
AFF0430,Maurice SA,SAS,731168271385741,RC377144,28319416,Privé,BTP,2023-06-20,2023-07-22,Guyon,Martin,BO01833,Al Massira,Nador,NA430,Actif
AFF0431,Garnier Grégoire S.A.S.,SA,276833641573203,RC225826,29682580,ONG,BTP,2020-11-17,2025-01-17,Rousset,Michelle,lc30993,Hay Salam,Errachidia,ER431,Actif
AFF0432,Delmas Guillet S.A.R.L.,SAS,139014465490963,RC495901,24044381,Privé,Agriculture,2016-12-26,2024-08-12,Klein,Caroline,VK50591,Oulad Oujih,Kenitra,KE432,Actif
AFF0433,Da Silva SA,SAS,673089793735759,RC566747,75310896,ONG,Tourisme,2017-10-29,2023-10-13,Breton,Françoise,jI75573,Agdal,Rabat,RA433,Actif
AFF0434,Marty Collet SARL,SAS,778754779493910,RC985273,92764555,Privé,Transport,2017-12-19,2024-09-05,Potier,Louis,dk28777,Dakhla,Agadir,AG434,Actif
AFF0435,Dupont,SA,486759542952416,RC702851,33238494,Privé,Industrie,2021-11-27,2024-01-23,Weber,Dorothée,sD62421,Sidi Yahya,Oujda,OU435,Actif
AFF0436,Navarro,SA,565672947922774,RC169418,37029793,Privé,Logistique,2017-10-23,2023-12-30,Benoit,Frédérique,Ge13356,Marshan,Tanger,TA436,Actif
AFF0437,Maillet SARL,SA,838779175461284,RC269534,31291956,ONG,Pêche,2018-03-27,2023-12-10,Lemoine,Théodore,gK61549,Hamria,Meknès,ME437,Actif
AFF0438,Briand Benoit S.A.,SA,101041091652531,RC564235,10564709,PrivéPublic,Automobile,2022-01-30,2023-07-29,Jourdan,Lucas,yn91969,Oulad Oujih,Kenitra,KE438,Actif
AFF0439,Laporte Valette S.A.,SARL,905247231972052,RC367326,15284179,Privé,Transport,2022-01-03,2023-08-28,Briand,Patrick,Cr41200,Al Massira,Nador,NA439,Actif
AFF0440,Philippe SA,SAS,649515497826309,RC362112,14363467,ONG,Industrie,2021-10-10,2025-01-09,Lecomte,Virginie,gw49568,Al Wahda,Laâyoune,LA440,Actif
AFF0441,Lemoine SA,SAS,256973739608998,RC636346,79132597,Privé,Santé,2018-11-14,2024-02-11,Barthelemy,Frédéric,Fn79115,Oulad Oujih,Kenitra,KE441,Actif
AFF0442,Baudry,SAS,767447568373771,RC929488,61170046,PrivéPublic,Finance,2021-05-04,2024-03-08,Alexandre,Camille,fW55798,Al Massira,Nador,NA442,Actif
AFF0443,Aubert,SAS,775088675606608,RC300971,95878709,PrivéPublic,Logistique,2020-01-10,2024-10-01,Mahe,Aimé,DW29893,Al Wahda,Laâyoune,LA443,Actif
AFF0444,Berger,SAS,140781729358686,RC985145,61238864,ONG,BTP,2020-01-28,2024-09-05,Langlois,Gilles,us57245,Beni Makada,Tanger,TA444,Actif
AFF0445,Lelièvre SA,SARL,872934213122500,RC884744,56098982,ONG,Pêche,2022-08-31,2024-04-01,Munoz,Caroline,VS18257,Quartier Ennassr,Dakhla,DA445,Suspendu
AFF0446,Le Goff,SAS,429279435306083,RC516958,46444562,PrivéPublic,Logistique,2019-12-04,2024-01-17,Benard,Pénélope,Qa24762,Beni Makada,Tanger,TA446,Suspendu
AFF0447,Legrand,SA,446121998484428,RC900102,30083606,PrivéPublic,Agriculture,2016-12-25,2024-10-15,Ollivier,Thibault,Pu91017,Al Massira,Nador,NA447,Actif
AFF0448,Leduc,SA,390758664374793,RC414415,13959358,Privé,Finance,2017-07-09,2023-12-29,Bailly,Éric,ee56245,Agdal,Fès,FÈ448,Actif
AFF0449,Marty,SARL,823773220160818,RC457797,18844835,Privé,Retail,2021-09-04,2024-05-24,Hoareau,Richard,QP39254,Sidi Bouzid,El Jadida,EL449,Actif
AFF0450,Delorme,SAS,893939669317045,RC710319,30784296,Privé,Immobilier,2021-02-05,2023-07-31,Marin,Luce,kB02577,Dakhla,Agadir,AG450,Suspendu
AFF0451,Blin,SA,711944217142221,RC813464,56741569,ONG,Éducation,2018-11-02,2025-01-01,Cordier,Brigitte,YG74724,Al Wahda,Laâyoune,LA451,Suspendu
AFF0452,Meunier,SARL,899030617530664,RC707827,98940227,PrivéPublic,Immobilier,2021-10-27,2024-02-29,Seguin,Jeannine,HR93606,Al Wahda,Laâyoune,LA452,Actif
AFF0453,Cousin Laurent et Fils,SAS,858938109335628,RC968180,59201056,Privé,Retail,2016-02-05,2023-12-23,Gonzalez,Eugène,Tc98678,Yacoub El Mansour,Rabat,RA453,Suspendu
AFF0454,Charrier,SA,205487224276371,RC574693,76119329,Privé,Pêche,2021-08-26,2024-04-27,Goncalves,Martin,pb68500,Dakhla,Agadir,AG454,Actif
AFF0455,Paul S.A.,SARL,354606168954765,RC349999,63719818,PrivéPublic,Immobilier,2015-10-05,2024-10-24,Gomez,Alice,sl04147,Centre,Tanger,TA455,Actif
AFF0456,Valette Grenier et Fils,SAS,429917541907423,RC826853,26889321,Privé,Télécommunication,2020-07-24,2024-06-20,Durand,Adélaïde,DV59713,Beni Makada,Tanger,TA456,Actif
AFF0457,Chauveau,SARL,811891046818321,RC657490,26741996,ONG,Pêche,2022-01-11,2023-07-16,Charpentier,Élodie,Na11920,Charf,Tanger,TA457,Actif
AFF0458,Guillaume S.A.,SA,485971115169676,RC585149,70532451,ONG,Santé,2019-04-04,2023-11-03,Boucher,Margot,gz95498,Gueliz,Marrakech,MA458,Actif
AFF0459,Le Gall,SAS,343573729744348,RC860022,69480762,Privé,Transport,2022-11-06,2024-08-02,Gaudin,Anaïs,wc77794,Hay Salam,Errachidia,ER459,Suspendu
AFF0460,Riou Guibert SARL,SARL,349564329631644,RC366689,37937510,PrivéPublic,Éducation,2020-11-25,2024-03-08,Mahe,Raymond,YI88366,Oulad Oujih,Kenitra,KE460,Actif
AFF0461,Grondin,SA,140339376165459,RC369995,45342741,PrivéPublic,BTP,2019-02-09,2025-05-07,Antoine,Zoé,sd50854,Beni Makada,Tanger,TA461,Actif
AFF0462,Blondel S.A.R.L.,SA,812476351282578,RC739059,46772640,ONG,Télécommunication,2019-02-24,2023-08-28,Dumas,Isaac,Zb03314,Oulad Oujih,Kenitra,KE462,Actif
AFF0463,Lecoq Arnaud S.A.R.L.,SARL,516271033397815,RC794996,71147834,Privé,Finance,2019-01-06,2024-05-22,Morel,Timothée,SR61054,Al Massira,Nador,NA463,Actif
AFF0464,Gosselin,SAS,630095125660762,RC189937,63086101,Privé,Retail,2016-04-20,2024-05-10,Gautier,Capucine,pY41041,Oulad Oujih,Kenitra,KE464,Actif
AFF0465,Payet S.A.,SAS,653201240879157,RC423999,93312187,Privé,Automobile,2020-04-04,2025-05-31,Boulay,Patricia,lu49212,Agdal,Fès,FÈ465,Actif
AFF0466,Munoz,SARL,129930118522960,RC615911,77272818,Privé,Tech,2019-11-20,2025-06-18,Pascal,Charles,xI22311,Hamria,Meknès,ME466,Actif
AFF0467,Lecomte,SA,743577087490900,RC173245,92114518,Privé,Textile,2019-10-29,2024-09-30,Gros,Théodore,lp23626,Sidi Yahya,Oujda,OU467,Suspendu
AFF0468,Camus,SA,464421071979225,RC405419,80876478,ONG,Éducation,2015-08-11,2024-11-05,Blanc,Alexandrie,mz55167,Yacoub El Mansour,Rabat,RA468,Actif
AFF0469,Barbe,SARL,737248786121172,RC762234,47294596,PrivéPublic,Pêche,2015-07-26,2024-04-23,Simon,Michelle,VV12653,Ménara,Marrakech,MA469,Actif
AFF0470,Rossi S.A.R.L.,SARL,765724042622367,RC598935,84407247,Privé,Transport,2020-07-04,2023-07-24,Barbier,Cécile,LC01978,Agdal,Fès,FÈ470,Actif
AFF0471,Thomas,SARL,811786033671346,RC864232,10544540,PrivéPublic,Pharmaceutique,2023-07-10,2023-11-01,Sanchez,Alphonse,Lw18439,Hay Salam,Errachidia,ER471,Suspendu
AFF0472,Laroche Daniel SA,SARL,262985870229632,RC203274,98827748,Privé,Pêche,2017-03-28,2023-11-18,Besson,Alix,pa88644,Quartier Ennassr,Dakhla,DA472,Actif
AFF0473,Moulin,SAS,294825073422634,RC874792,84325812,Privé,Pharmaceutique,2017-02-19,2025-06-01,Ollivier,Michèle,UB07867,Al Wahda,Laâyoune,LA473,Actif
AFF0474,Hoareau,SARL,392272223808123,RC360561,27054005,Privé,Pêche,2020-10-31,2025-03-29,Rolland,Emmanuel,Jh03880,Al Wahda,Laâyoune,LA474,Actif
AFF0475,Rousset,SARL,578618560062055,RC190291,13752195,PrivéPublic,Éducation,2021-11-18,2023-09-14,Duhamel,Julien,dt70117,Gueliz,Marrakech,MA475,Suspendu
AFF0476,Techer,SA,870294614267415,RC643122,98393889,Privé,Tourisme,2023-01-03,2024-06-30,Gomes,Marie,Cw60929,Al Wahda,Laâyoune,LA476,Actif
AFF0477,Rocher Gonzalez S.A.S.,SAS,912758415038910,RC537402,77680076,Privé,Automobile,2020-10-31,2024-01-30,Léger,Aimé,rD98485,Agdal,Fès,FÈ477,Suspendu
AFF0478,Roger,SARL,542410923692562,RC962417,34994472,Privé,Textile,2021-05-14,2023-12-16,Camus,Rémy,bU73404,Agdal,Fès,FÈ478,Suspendu
AFF0479,Neveu,SA,327876290392311,RC663247,74489501,PrivéPublic,Aéronautique,2020-07-31,2024-11-15,Moulin,Marc,Vc69593,Agdal,Fès,FÈ479,Suspendu
AFF0480,Sauvage Bonneau et Fils,SARL,744688255325209,RC978539,65945900,Privé,Tech,2022-11-04,2025-02-02,Dias,Patrick,rJ80111,Sidi Moumen,Casablanca,CA480,Actif
AFF0481,Grégoire,SA,413355926449890,RC923380,58814887,Privé,BTP,2022-02-06,2025-03-12,Pascal,Lucie,ZY42209,Quartier Ennassr,Dakhla,DA481,Actif
AFF0482,Vasseur Ollivier S.A.,SARL,351584483578425,RC440372,21279297,Privé,Automobile,2017-06-19,2024-06-16,Bigot,Josette,ss04053,Oulad Oujih,Kenitra,KE482,Suspendu
AFF0483,Ruiz,SARL,840619395680546,RC176480,29930585,Privé,Santé,2022-04-13,2024-04-06,Maillet,Anastasie,xR66405,Gueliz,Marrakech,MA483,Actif
AFF0484,Hoarau,SARL,628991430263279,RC755980,27488506,PrivéPublic,Santé,2015-12-19,2023-10-01,Dumont,Lucy,gk35807,Oulad Oujih,Kenitra,KE484,Actif
AFF0485,Ferreira,SARL,912203295104447,RC760268,29745245,Privé,Aéronautique,2015-08-14,2024-05-05,Giraud,Eugène,jY92251,Al Massira,Nador,NA485,Suspendu
AFF0486,Gilbert,SARL,841710570946595,RC570467,71665016,PrivéPublic,Retail,2016-06-23,2024-12-14,Sanchez,Édith,bn82482,Sidi Bouzid,El Jadida,EL486,Actif
AFF0487,Laporte et Fils,SA,580400931616699,RC261661,69340173,ONG,Transport,2018-07-07,2025-02-22,Allard,Christophe,IC15222,Al Massira,Nador,NA487,Suspendu
AFF0488,Lacroix S.A.S.,SARL,530804454972244,RC137875,49572260,Privé,Agriculture,2016-01-30,2023-08-24,Traore,Jules,EE06005,Oulad Oujih,Kenitra,KE488,Actif
AFF0489,Rousset,SARL,945857870435256,RC815720,31201263,PrivéPublic,Artisanat,2019-11-30,2025-03-29,Leclercq,Marcelle,IZ70220,Al Wahda,Laâyoune,LA489,Actif
AFF0490,Gillet,SAS,403081476084657,RC252300,51247034,Privé,Éducation,2020-06-23,2025-03-13,Brun,Caroline,NA65868,Beni Makada,Tanger,TA490,Actif
AFF0491,Riou,SAS,714599327973763,RC353463,43878425,PrivéPublic,Pharmaceutique,2021-11-10,2025-01-01,Chevallier,Cécile,jk86025,Hamria,Meknès,ME491,Actif
AFF0492,Lagarde,SAS,304696065816289,RC564901,10307365,Privé,BTP,2017-04-23,2023-08-27,Dias,Roland,sB94597,Al Massira,Nador,NA492,Actif
AFF0493,Fournier Regnier S.A.R.L.,SARL,255353178139003,RC176714,38935174,PrivéPublic,Aéronautique,2021-10-31,2024-02-01,Durand,Matthieu,im52435,Annakhil,Marrakech,MA493,Actif
AFF0494,Brunel,SARL,487747916037209,RC248760,20964081,Privé,Pêche,2018-02-08,2023-10-17,Paul,Raymond,hu94570,Mhannech,Tétouan,TÉ494,Actif
AFF0495,Berthelot,SA,797452490196659,RC162648,82305002,PrivéPublic,Pharmaceutique,2023-01-15,2025-06-07,Poulain,Madeleine,qf16207,Sidi Bouzid,El Jadida,EL495,Actif
AFF0496,Rémy S.A.S.,SAS,488367789667579,RC745018,26929845,Privé,BTP,2015-09-30,2024-04-06,Rodrigues,Caroline,RK65412,Centre,Tanger,TA496,Actif
AFF0497,Albert,SA,259322978724450,RC296561,37816779,PrivéPublic,Aéronautique,2015-10-05,2024-03-23,Garnier,Marine,oB93755,Al Wahda,Laâyoune,LA497,Actif
AFF0498,Bouvet,SA,316852614920838,RC588916,99271005,Privé,Pêche,2023-04-18,2023-12-23,Pineau,Christine,gO92043,Ain Sebaa,Casablanca,CA498,Actif
AFF0499,Vaillant,SAS,246450858180687,RC242212,51709995,ONG,Industrie,2021-02-16,2024-04-22,Dumont,Lucie,FP89866,Sidi Bouzid,El Jadida,EL499,Actif
AFF0500,Alves Bouvet et Fils,SAS,852647781596012,RC537928,13949119,Privé,Télécommunication,2022-12-04,2024-10-19,Meunier,Zacharie,rW81753,Charf,Tanger,TA500,Actif
